-- MariaDB dump 10.19  Distrib 10.4.32-MariaDB, for Win64 (AMD64)
--
-- Host: localhost    Database: mangasvn
-- ------------------------------------------------------
-- Server version	10.4.32-MariaDB

/*!40101 SET @OLD_CHARACTER_SET_CLIENT=@@CHARACTER_SET_CLIENT */;
/*!40101 SET @OLD_CHARACTER_SET_RESULTS=@@CHARACTER_SET_RESULTS */;
/*!40101 SET @OLD_COLLATION_CONNECTION=@@COLLATION_CONNECTION */;
/*!40101 SET NAMES utf8mb4 */;
/*!40103 SET @OLD_TIME_ZONE=@@TIME_ZONE */;
/*!40103 SET TIME_ZONE='+00:00' */;
/*!40014 SET @OLD_UNIQUE_CHECKS=@@UNIQUE_CHECKS, UNIQUE_CHECKS=0 */;
/*!40014 SET @OLD_FOREIGN_KEY_CHECKS=@@FOREIGN_KEY_CHECKS, FOREIGN_KEY_CHECKS=0 */;
/*!40101 SET @OLD_SQL_MODE=@@SQL_MODE, SQL_MODE='NO_AUTO_VALUE_ON_ZERO' */;
/*!40111 SET @OLD_SQL_NOTES=@@SQL_NOTES, SQL_NOTES=0 */;

--
-- Table structure for table `chapters`
--

DROP TABLE IF EXISTS `chapters`;
/*!40101 SET @saved_cs_client     = @@character_set_client */;
/*!40101 SET character_set_client = utf8 */;
CREATE TABLE `chapters` (
  `id` int(11) NOT NULL AUTO_INCREMENT,
  `ngay_sua` date DEFAULT NULL,
  `ngay_tao` date DEFAULT NULL,
  `ten_chap` varchar(255) DEFAULT NULL,
  `trang_thai` bit(1) DEFAULT b'0',
  `id_comic` int(11) DEFAULT NULL,
  PRIMARY KEY (`id`),
  KEY `FK6row37da2uapdv7jwb0t252pv` (`id_comic`),
  CONSTRAINT `FK6row37da2uapdv7jwb0t252pv` FOREIGN KEY (`id_comic`) REFERENCES `comics` (`id`)
) ENGINE=InnoDB AUTO_INCREMENT=48 DEFAULT CHARSET=utf8mb4 COLLATE=utf8mb4_unicode_ci;
/*!40101 SET character_set_client = @saved_cs_client */;

--
-- Dumping data for table `chapters`
--

LOCK TABLES `chapters` WRITE;
/*!40000 ALTER TABLE `chapters` DISABLE KEYS */;
INSERT INTO `chapters` VALUES (1,NULL,'2025-05-23','chap 1','\0',7),(2,NULL,'2025-05-23','chap 2','\0',7),(4,'2025-05-25','2025-05-25','chap1','',27),(5,'2025-05-25','2025-05-25','chap 2','',27),(6,'2025-05-25','2025-05-25','chap 3','',27),(7,'2025-05-25','2025-05-25','chap 4','',27),(8,'2025-05-25','2025-05-25','chap 1','',22),(9,'2025-05-25','2025-05-25','chap 2','',22),(10,'2025-05-25','2025-05-25','chap 3','',22),(11,'2025-05-25','2025-05-25','chap 1','',28),(12,'2025-05-25','2025-05-25','chap 2','',28),(13,'2025-05-25','2025-05-25','chap 3','',28),(14,'2025-05-27','2025-05-27','chap 1','',21),(15,'2025-05-27','2025-05-27','chap 1','',23),(16,'2025-05-27','2025-05-27','chap 1','',30),(17,'2025-05-27','2025-05-27','chap 1','',9),(18,'2025-05-27','2025-05-27','chap 1','',31),(19,'2025-05-28','2025-05-28','chap 1','',32),(20,'2025-05-28','2025-05-28','chap 1','',33),(21,'2025-05-28','2025-05-28','chap 2','',32),(22,'2025-05-28','2025-05-28','chap 2','',32),(23,'2025-05-28','2025-05-28','chap 1','',34),(24,'2025-05-28','2025-05-28','chap 1','',35),(25,'2025-05-28','2025-05-28','chap 2','',35),(26,'2025-05-28','2025-05-28','chap 2','',35),(27,'2025-05-28','2025-05-28','chap 5','',34),(28,'2025-05-28','2025-05-28','chap 5','',34),(29,'2025-05-28','2025-05-28','chap 4','',35),(30,'2025-05-28','2025-05-28','chap 4','',35),(31,'2025-05-28','2025-05-28','chap 5','',35),(32,'2025-05-28','2025-05-28','chap 5','',35),(33,'2025-05-28','2025-05-28','one shot','',34),(34,'2025-05-28','2025-05-28','one shot','',34),(35,'2025-05-28','2025-05-28','chap 10','',35),(36,'2025-05-28','2025-05-28','chap 11','',35),(37,'2025-05-28','2025-05-28','chap 1','',36),(38,'2025-05-28','2025-05-28','chap 2','',36),(39,'2025-05-28','2025-05-28','chap 1','',37),(40,'2025-05-28','2025-05-28','chap 2','',37),(41,'2025-05-28','2025-05-28','chap 3','',37),(42,'2025-05-28','2025-05-28','chap 4','',37),(43,'2025-05-31','2025-05-31','chap 1','',38),(44,'2025-05-31','2025-05-31','chap 2','',38),(45,'2025-06-03','2025-06-03','One shot','',39),(46,'2025-06-03','2025-06-03','Chap 2','',39),(47,'2025-08-31','2025-08-31','chap 1','',40);
/*!40000 ALTER TABLE `chapters` ENABLE KEYS */;
UNLOCK TABLES;

--
-- Table structure for table `comic_danhmuc`
--

DROP TABLE IF EXISTS `comic_danhmuc`;
/*!40101 SET @saved_cs_client     = @@character_set_client */;
/*!40101 SET character_set_client = utf8 */;
CREATE TABLE `comic_danhmuc` (
  `id` int(11) NOT NULL AUTO_INCREMENT,
  `id_comic` int(11) DEFAULT NULL,
  `id_danh_muc` int(11) DEFAULT NULL,
  PRIMARY KEY (`id`),
  KEY `FK4rrqirst15r7iw18nq3rdj6em` (`id_comic`),
  KEY `FKiidbp16dcvr0fjj0y7j97b6ba` (`id_danh_muc`),
  CONSTRAINT `FK4rrqirst15r7iw18nq3rdj6em` FOREIGN KEY (`id_comic`) REFERENCES `comics` (`id`),
  CONSTRAINT `FKiidbp16dcvr0fjj0y7j97b6ba` FOREIGN KEY (`id_danh_muc`) REFERENCES `danh_muc` (`id`)
) ENGINE=InnoDB AUTO_INCREMENT=56 DEFAULT CHARSET=utf8mb4 COLLATE=utf8mb4_unicode_ci;
/*!40101 SET character_set_client = @saved_cs_client */;

--
-- Dumping data for table `comic_danhmuc`
--

LOCK TABLES `comic_danhmuc` WRITE;
/*!40000 ALTER TABLE `comic_danhmuc` DISABLE KEYS */;
INSERT INTO `comic_danhmuc` VALUES (3,30,1),(4,31,1),(5,31,2),(6,31,3),(7,31,4),(8,32,3),(9,33,2),(10,33,3),(11,33,4),(22,34,4),(23,35,1),(24,35,2),(25,35,3),(26,35,4),(27,36,1),(28,36,2),(29,36,4),(33,37,1),(34,37,2),(35,37,3),(40,38,1),(41,38,2),(42,38,3),(43,38,4),(52,39,2),(53,39,3),(54,40,2),(55,40,3);
/*!40000 ALTER TABLE `comic_danhmuc` ENABLE KEYS */;
UNLOCK TABLES;

--
-- Table structure for table `comic_tacgia`
--

DROP TABLE IF EXISTS `comic_tacgia`;
/*!40101 SET @saved_cs_client     = @@character_set_client */;
/*!40101 SET character_set_client = utf8 */;
CREATE TABLE `comic_tacgia` (
  `id` int(11) NOT NULL AUTO_INCREMENT,
  `id_comic` int(11) DEFAULT NULL,
  `id_tac_gia` int(11) DEFAULT NULL,
  PRIMARY KEY (`id`),
  KEY `FKnf32c46xl9jolfu0kvx3vjhpb` (`id_comic`),
  KEY `FK42veaswvhbbt5v7ca81aeu6pp` (`id_tac_gia`),
  CONSTRAINT `FK42veaswvhbbt5v7ca81aeu6pp` FOREIGN KEY (`id_tac_gia`) REFERENCES `tac_gia` (`id`),
  CONSTRAINT `FKnf32c46xl9jolfu0kvx3vjhpb` FOREIGN KEY (`id_comic`) REFERENCES `comics` (`id`)
) ENGINE=InnoDB AUTO_INCREMENT=26 DEFAULT CHARSET=utf8mb4 COLLATE=utf8mb4_unicode_ci;
/*!40101 SET character_set_client = @saved_cs_client */;

--
-- Dumping data for table `comic_tacgia`
--

LOCK TABLES `comic_tacgia` WRITE;
/*!40000 ALTER TABLE `comic_tacgia` DISABLE KEYS */;
INSERT INTO `comic_tacgia` VALUES (2,30,2),(3,31,2),(5,33,1),(6,32,2),(13,34,3),(14,35,3),(15,36,1),(17,37,4),(19,38,2),(24,39,1),(25,40,1);
/*!40000 ALTER TABLE `comic_tacgia` ENABLE KEYS */;
UNLOCK TABLES;

--
-- Table structure for table `comics`
--

DROP TABLE IF EXISTS `comics`;
/*!40101 SET @saved_cs_client     = @@character_set_client */;
/*!40101 SET character_set_client = utf8 */;
CREATE TABLE `comics` (
  `id` int(11) NOT NULL AUTO_INCREMENT,
  `ghi_chu` varchar(255) DEFAULT 'TÊN NÀY LƯỜI QUÁ KHÔNG VIẾT MÔ TẢ GÌ CẢ',
  `luot_thich` int(11) DEFAULT 0,
  `luot_xem` int(11) DEFAULT 0,
  `mo_ta` varchar(255) CHARACTER SET utf8mb4 COLLATE utf8mb4_unicode_ci NOT NULL DEFAULT 'TÊN NÀY LƯỜI QUÁ KHÔNG VIẾT MÔ TẢ GÌ CẢ',
  `ten_truyen` varchar(255) DEFAULT NULL,
  `ngay_sua` date DEFAULT NULL,
  `ngay_tao` date DEFAULT NULL,
  `id_translator` int(11) DEFAULT NULL,
  `image_comic` varchar(255) DEFAULT 'https://i.postimg.cc/zBZ7k81R/cass.jpg',
  `trang_thai` bit(1) DEFAULT NULL,
  PRIMARY KEY (`id`),
  KEY `FKjwmcpobu5macf303y4i19xe5m` (`id_translator`),
  CONSTRAINT `FKjwmcpobu5macf303y4i19xe5m` FOREIGN KEY (`id_translator`) REFERENCES `users` (`id`)
) ENGINE=InnoDB AUTO_INCREMENT=41 DEFAULT CHARSET=utf8mb4 COLLATE=utf8mb4_vietnamese_ci;
/*!40101 SET character_set_client = @saved_cs_client */;

--
-- Dumping data for table `comics`
--

LOCK TABLES `comics` WRITE;
/*!40000 ALTER TABLE `comics` DISABLE KEYS */;
INSERT INTO `comics` VALUES (1,'nuwngs',1,46,'isenkai cai l gi ddso','Chuusei to Injoku no Onna Kishi wa Osoreou no Saya to Narite',NULL,'2025-04-24',1,'https://i.postimg.cc/zBZ7k81R/cass.jpg',''),(2,'hay lắm đấy đọc thử đi bro',0,2,'đọc thử đi là biết thôi bro','Promised orchid',NULL,'2025-04-24',1,'https://i.postimg.cc/zBZ7k81R/cass.jpg',''),(3,'TEN NAY LU?I QUA KHONG VI?T GHI CHU GI C?',1,37,'TEN NAY QUA LU?I NEN KHONG VI?T GI ? MO T? C?','DORAEMON',NULL,'2025-05-15',1,'https://i.postimg.cc/zBZ7k81R/cass.jpg',''),(4,'TEN NAY LU?I QUA KHONG VI?T GHI CHU GI C?',1,16,'TEN NAY QUA LU?I NEN KHONG VI?T GI ? MO T? C?','CONAN',NULL,'2025-05-15',1,'https://i.postimg.cc/zBZ7k81R/cass.jpg',''),(5,'TEN NAY LU?I QUA KHONG VI?T GHI CHU GI C?',0,1,'TEN NAY QUA LU?I NEN KHONG VI?T GI ? MO T? C?','THE LOVE BEETWEEN YOU AND ME',NULL,'2025-05-15',1,'https://i.postimg.cc/zBZ7k81R/cass.jpg',''),(6,'TEN NAY LU?I QUA KHONG VI?T GHI CHU GI C?',1,4,'TEN NAY QUA LU?I NEN KHONG VI?T GI ? MO T? C?','THE WAR OF THE GODS',NULL,'2025-05-15',1,'https://i.postimg.cc/zBZ7k81R/cass.jpg',''),(7,'TEN NAY LU?I QUA KHONG VI?T GHI CHU GI C?',0,6,'TEN NAY QUA LU?I NEN KHONG VI?T GI ? MO T? C?','HER FORGET GLASS AGAIN',NULL,'2025-05-15',1,'https://i.postimg.cc/zBZ7k81R/cass.jpg',''),(8,'TEN NAY LU?I QUA KHONG VI?T GHI CHU GI C?',0,0,'TEN NAY QUA LU?I NEN KHONG VI?T GI ? MO T? C?','mikoto chan wa kirawaretakunai',NULL,'2025-05-15',1,'https://i.postimg.cc/zBZ7k81R/cass.jpg',''),(9,'TEN NAY LU?I QUA KHONG VI?T GHI CHU GI C?',1,4,'TEN NAY QUA LU?I NEN KHONG VI?T GI ? MO T? C?','FREREN','2025-05-27','2025-05-15',1,'https://i.postimg.cc/zBZ7k81R/cass.jpg',''),(10,'TEN NAY LU?I QUA KHONG VI?T GHI CHU GI C?',1,0,'TEN NAY QUA LU?I NEN KHONG VI?T GI ? MO T? C?','NARUTO',NULL,'2025-05-15',1,'https://i.postimg.cc/zBZ7k81R/cass.jpg',''),(11,'TEN NAY LU?I QUA KHONG VI?T GHI CHU GI C?',0,1,'TEN NAY QUA LU?I NEN KHONG VI?T GI ? MO T? C?','JOSEE KHI NANG THO BI?T YEU',NULL,'2025-05-15',1,'https://i.postimg.cc/zBZ7k81R/cass.jpg',''),(12,'TÊN NÀY LƯỜI QUÁ KHÔNG VIẾT MÔ TẢ GÌ CẢ',0,0,'TÊN NÀY LƯỜI QUÁ KHÔNG VIẾT MÔ TẢ GÌ CẢ','betestthuthoi',NULL,'2025-05-18',1,'https://i.postimg.cc/zBZ7k81R/cass.jpg',''),(20,'gggg',0,15,'sss','test1','2025-05-25','2025-05-25',1,'https://pub-6a9212c9ed20436aa578f417b4b6a585.r2.dev/covers/2f214118-16ec-4099-9517-88eba951c058-4.jpg',''),(21,'gggg',0,1,'sss','test1','2025-05-25','2025-05-25',1,'https://pub-6a9212c9ed20436aa578f417b4b6a585.r2.dev/covers/e34df2bd-1bed-448d-a16d-58349cd9db23-1.jpg',''),(22,'gggg',0,0,'ffff','teest thôi kaka','2025-05-25','2025-05-25',1,'https://pub-6a9212c9ed20436aa578f417b4b6a585.r2.dev/covers/394adecc-b685-4011-a838-30e821366109-1.jpg',''),(23,'gggg',0,2,'gggggg','test1ssss','2025-05-25','2025-05-25',1,'https://pub-6a9212c9ed20436aa578f417b4b6a585.r2.dev/covers/a8e334cf-4c86-45dc-81d3-ff2d77ed333f-1.jpg',''),(24,'gggg',0,1,'ssss','test11','2025-05-25','2025-05-25',1,'https://pub-6a9212c9ed20436aa578f417b4b6a585.r2.dev/covers/664640b8-44ce-4281-99f6-a9dbb33e679e-1.jpg',''),(25,'gggg',1,0,'222','test12','2025-05-25','2025-05-25',1,'https://pub-6a9212c9ed20436aa578f417b4b6a585.r2.dev/covers/9264981f-b8f1-43c1-b425-37964066d03b-1.jpg',''),(27,'gggg',0,0,'dddss','adutesst ngon','2025-05-25','2025-05-25',1,'https://pub-6a9212c9ed20436aa578f417b4b6a585.r2.dev/covers/5b1b88dd-6779-4d49-b09d-1e2745f38c72-2.jpg',''),(28,'hay ',0,1,'sssss','sin cau be but chi','2025-05-25','2025-05-25',1,'https://pub-6a9212c9ed20436aa578f417b4b6a585.r2.dev/covers/6839223f-dfe2-4eee-9266-f349c45a2f5c-29.jpg',''),(30,'who isssssssssssss she ????? =)',0,0,'ssss','who is she ?','2025-05-27','2025-05-27',1,'https://pub-6a9212c9ed20436aa578f417b4b6a585.r2.dev/covers/bdf70476-7ee8-435d-aa2d-04892df05151-5.jpg',NULL),(31,'TEN NAY LU?I QUA KHONG VI?T GHI CHU GI C?',0,3,'TEN NAY QUA LU?I NEN KHONG VI?T GI ? MO T? C?','fff3','2025-05-27','2025-05-27',1,'https://pub-6a9212c9ed20436aa578f417b4b6a585.r2.dev/covers/459727a5-3a52-4d33-9064-22148b72fb3d-2.jpg',NULL),(32,'who is she ?',0,0,'who is she ?','test11111','2025-05-28','2025-05-28',1,'https://pub-6a9212c9ed20436aa578f417b4b6a585.r2.dev/covers/b3f2dbfb-43aa-45c9-81c4-c0869b5c8a1b-1.jpg',NULL),(33,'who is she ?',0,2,'who that pokemon ?','pikachu white 2','2025-05-28','2025-05-28',1,'https://pub-6a9212c9ed20436aa578f417b4b6a585.r2.dev/covers/a4bd62f4-d45a-4b8d-97f3-509cc5d37b4a-1.jpg',NULL),(34,'hay lắm đấy đọc thử đi bro',0,4,'đọc thử đi là biết thôi bro','chill chill 2h 33p tối','2025-05-28','2025-05-28',1,'https://pub-6a9212c9ed20436aa578f417b4b6a585.r2.dev/covers/2364a2f3-5a02-447e-8dd1-b51982cab3a1-490886774_1098107199028199_1344742224000955381_n.jpg',NULL),(35,'hay lắm đấy đọc thử đi bro',0,0,'đọc thử đi là biết thôi bro','chill chill 2h 33p tối','2025-05-28','2025-05-28',1,'https://pub-6a9212c9ed20436aa578f417b4b6a585.r2.dev/covers/724c1565-c98c-4078-957b-ca24028f4321-490886774_1098107199028199_1344742224000955381_n.jpg',NULL),(36,'hay lắm đấy đọc thử đi bro',1,21,'thầy cúng đánh nhau loạn xa chết tung tóe','Jujutsu Kaisen','2025-05-28','2025-05-28',1,'https://pub-6a9212c9ed20436aa578f417b4b6a585.r2.dev/covers/d14e6cc5-bc9f-4daa-81a6-0a79d46c8e60-jjk.png',NULL),(37,'hay lắm đấy đọc thử đi bro',2,99,'hài vl haha','anh bạn này hài vãi','2025-05-28','2025-05-28',1,'https://pub-6a9212c9ed20436aa578f417b4b6a585.r2.dev/covers/7b8faef1-79ff-4b3b-8da9-315d55f72b31-15.jpg',NULL),(38,'me may beo ?',0,6,'me may beo vai l','fatfuck?','2025-05-31','2025-05-31',3,'https://pub-6a9212c9ed20436aa578f417b4b6a585.r2.dev/covers/4755f801-a1d0-41a4-ba6e-278745dbe28e-hehe.jpg',NULL),(39,'Nuwng',0,14,'Nũng ','Nguy hiểm ','2025-06-03','2025-06-03',1,'https://pub-6a9212c9ed20436aa578f417b4b6a585.r2.dev/covers/9c600f9b-3181-4b0b-975c-ba2def130451-1000033500.jpg',NULL),(40,'hay lắm đấy đọc thử đi bro',1,3,'abc','dũng','2025-08-31','2025-08-31',1,'https://pub-6a9212c9ed20436aa578f417b4b6a585.r2.dev/covers/29204020-a84d-46c8-8686-e11b59b94c23-anh.jpg',NULL);
/*!40000 ALTER TABLE `comics` ENABLE KEYS */;
UNLOCK TABLES;

--
-- Table structure for table `comments`
--

DROP TABLE IF EXISTS `comments`;
/*!40101 SET @saved_cs_client     = @@character_set_client */;
/*!40101 SET character_set_client = utf8 */;
CREATE TABLE `comments` (
  `id` int(11) NOT NULL AUTO_INCREMENT,
  `comment` varchar(255) DEFAULT NULL,
  `ngay_tao` date DEFAULT NULL,
  `id_chapter` int(11) DEFAULT NULL,
  `id_comic` int(11) DEFAULT NULL,
  `id_user` int(11) DEFAULT NULL,
  PRIMARY KEY (`id`),
  KEY `FK591v563ajywoyohvpc8ry5ib5` (`id_chapter`),
  KEY `FKrclq5coul28602rdpos5n1pv9` (`id_comic`),
  KEY `FK2e1j871ildbkagpidsson8krk` (`id_user`),
  CONSTRAINT `FK2e1j871ildbkagpidsson8krk` FOREIGN KEY (`id_user`) REFERENCES `users` (`id`),
  CONSTRAINT `FK591v563ajywoyohvpc8ry5ib5` FOREIGN KEY (`id_chapter`) REFERENCES `chapters` (`id`),
  CONSTRAINT `FKrclq5coul28602rdpos5n1pv9` FOREIGN KEY (`id_comic`) REFERENCES `comics` (`id`)
) ENGINE=InnoDB DEFAULT CHARSET=utf8mb4 COLLATE=utf8mb4_unicode_ci;
/*!40101 SET character_set_client = @saved_cs_client */;

--
-- Dumping data for table `comments`
--

LOCK TABLES `comments` WRITE;
/*!40000 ALTER TABLE `comments` DISABLE KEYS */;
/*!40000 ALTER TABLE `comments` ENABLE KEYS */;
UNLOCK TABLES;

--
-- Table structure for table `danh_muc`
--

DROP TABLE IF EXISTS `danh_muc`;
/*!40101 SET @saved_cs_client     = @@character_set_client */;
/*!40101 SET character_set_client = utf8 */;
CREATE TABLE `danh_muc` (
  `id` int(11) NOT NULL AUTO_INCREMENT,
  `ngay_sua` date DEFAULT NULL,
 `ngay_tao` datetime NOT NULL DEFAULT CURRENT_TIMESTAMP,
  `ten_danh_muc` varchar(255) DEFAULT NULL,
  `trang_thai` bit(1) DEFAULT b'1',
  PRIMARY KEY (`id`)
) ENGINE=InnoDB AUTO_INCREMENT=5 DEFAULT CHARSET=utf8mb4 COLLATE=utf8mb4_unicode_ci;
/*!40101 SET character_set_client = @saved_cs_client */;

--
-- Dumping data for table `danh_muc`
--

LOCK TABLES `danh_muc` WRITE;
/*!40000 ALTER TABLE `danh_muc` DISABLE KEYS */;
INSERT INTO `danh_muc` VALUES (1,NULL,'2025-05-27','manga',''),(2,NULL,'2025-05-27','one shot',''),(3,NULL,'2025-05-27','romcom',''),(4,NULL,'2025-05-27','isekai','');
/*!40000 ALTER TABLE `danh_muc` ENABLE KEYS */;
UNLOCK TABLES;

--
-- Table structure for table `image_chapter`
--

DROP TABLE IF EXISTS `image_chapter`;
/*!40101 SET @saved_cs_client     = @@character_set_client */;
/*!40101 SET character_set_client = utf8 */;
CREATE TABLE `image_chapter` (
  `id` int(11) NOT NULL AUTO_INCREMENT,
  `ngay_tao` date DEFAULT NULL,
  `id_chapter` int(11) DEFAULT NULL,
  `image_url` varchar(255) DEFAULT NULL,
  `page_number` int(11) DEFAULT NULL,
  PRIMARY KEY (`id`),
  KEY `idx_id_chapter` (`id_chapter`),
  CONSTRAINT `FK1h5p7uplxvl1uikm7lg81774u` FOREIGN KEY (`id_chapter`) REFERENCES `chapters` (`id`)
) ENGINE=InnoDB AUTO_INCREMENT=516 DEFAULT CHARSET=utf8mb4 COLLATE=utf8mb4_unicode_ci;
/*!40101 SET character_set_client = @saved_cs_client */;

--
-- Dumping data for table `image_chapter`
--

LOCK TABLES `image_chapter` WRITE;
/*!40000 ALTER TABLE `image_chapter` DISABLE KEYS */;
INSERT INTO `image_chapter` VALUES (1,'2025-05-23',1,'https://i.postimg.cc/8z5xYtQ1/1.jpg',5),(2,'2025-05-23',1,'https://i.postimg.cc/CM7PVk4d/2.jpg',5),(3,'2025-05-23',1,'https://i.postimg.cc/cLgXYjG8/3.jpg',5),(4,'2025-05-23',1,'https://i.postimg.cc/76VVwr0j/4.jpg',5),(5,'2025-05-23',1,'https://i.postimg.cc/wM4QR5WV/5.jpg',5),(6,'2025-05-23',2,'https://i.postimg.cc/8z5xYtQ1/1.jpg',5),(7,'2025-05-23',2,'https://i.postimg.cc/76VVwr0j/4.jpg',5),(8,'2025-05-25',4,'https://pub-6a9212c9ed20436aa578f417b4b6a585.r2.dev/chapters/4/adfe5947-f761-4775-bcba-8c09b4548c4e-13.jpg',1),(9,'2025-05-25',4,'https://pub-6a9212c9ed20436aa578f417b4b6a585.r2.dev/chapters/4/8b824de3-0ed0-465e-b3bb-ccf91521dcde-14.jpg',2),(10,'2025-05-25',4,'https://pub-6a9212c9ed20436aa578f417b4b6a585.r2.dev/chapters/4/1f0cedad-c624-4827-8c27-7f3c8c836ed3-15.jpg',3),(11,'2025-05-25',4,'https://pub-6a9212c9ed20436aa578f417b4b6a585.r2.dev/chapters/4/70acad9a-2d63-4c26-9c1a-bbce89b3fc98-16.jpg',4),(12,'2025-05-25',4,'https://pub-6a9212c9ed20436aa578f417b4b6a585.r2.dev/chapters/4/41888067-047b-4994-9fda-aab9ed447e82-17.jpg',5),(13,'2025-05-25',4,'https://pub-6a9212c9ed20436aa578f417b4b6a585.r2.dev/chapters/4/a20bffea-a924-4a1f-9881-12cc9d493b85-18.jpg',6),(14,'2025-05-25',4,'https://pub-6a9212c9ed20436aa578f417b4b6a585.r2.dev/chapters/4/f4cebdc8-09ba-48f1-bbe0-ab1cc953a488-19.jpg',7),(15,'2025-05-25',4,'https://pub-6a9212c9ed20436aa578f417b4b6a585.r2.dev/chapters/4/ea87269b-102b-4999-8304-ea1d82a12e0b-20.jpg',8),(16,'2025-05-25',4,'https://pub-6a9212c9ed20436aa578f417b4b6a585.r2.dev/chapters/4/fce22ea8-3306-4eb9-96c2-20b732ccec12-21.jpg',9),(17,'2025-05-25',4,'https://pub-6a9212c9ed20436aa578f417b4b6a585.r2.dev/chapters/4/868e98e6-cfe9-4609-8e33-f1ac3d7876ef-22.jpg',10),(18,'2025-05-25',4,'https://pub-6a9212c9ed20436aa578f417b4b6a585.r2.dev/chapters/4/803fe117-bc4e-4c91-b32e-66815f589a90-23.jpg',11),(19,'2025-05-25',4,'https://pub-6a9212c9ed20436aa578f417b4b6a585.r2.dev/chapters/4/8ed6d166-a6e0-4d9f-b48a-92f25df3234a-24.jpg',12),(20,'2025-05-25',4,'https://pub-6a9212c9ed20436aa578f417b4b6a585.r2.dev/chapters/4/df2a2e38-35c4-44b5-a302-1287c52d755b-25.jpg',13),(21,'2025-05-25',4,'https://pub-6a9212c9ed20436aa578f417b4b6a585.r2.dev/chapters/4/dae6f407-ff6f-44a8-86e6-08bbd30912c0-26.jpg',14),(22,'2025-05-25',4,'https://pub-6a9212c9ed20436aa578f417b4b6a585.r2.dev/chapters/4/b1974009-37cd-4dc0-8153-600f15c967c2-27.jpg',15),(23,'2025-05-25',4,'https://pub-6a9212c9ed20436aa578f417b4b6a585.r2.dev/chapters/4/ac61cee8-7711-459e-8e45-66bdebf76977-28.jpg',16),(24,'2025-05-25',4,'https://pub-6a9212c9ed20436aa578f417b4b6a585.r2.dev/chapters/4/c8107620-856f-4868-a429-b0e6d08d4dfa-29.jpg',17),(25,'2025-05-25',4,'https://pub-6a9212c9ed20436aa578f417b4b6a585.r2.dev/chapters/4/80ac6011-3f3b-4cf6-9904-17f57f618aff-1.jpg',18),(26,'2025-05-25',4,'https://pub-6a9212c9ed20436aa578f417b4b6a585.r2.dev/chapters/4/c376d6f9-a977-4390-a159-41cc7d3c98a3-2.jpg',19),(27,'2025-05-25',4,'https://pub-6a9212c9ed20436aa578f417b4b6a585.r2.dev/chapters/4/04bb9cde-e30f-49f3-a5f4-ee3b332cc040-3.jpg',20),(28,'2025-05-25',4,'https://pub-6a9212c9ed20436aa578f417b4b6a585.r2.dev/chapters/4/04cec586-5425-4780-918a-90d3a34cf7e6-4.jpg',21),(29,'2025-05-25',4,'https://pub-6a9212c9ed20436aa578f417b4b6a585.r2.dev/chapters/4/c4d94536-8fbf-4c7c-9bd4-eaa0425fbaab-5.jpg',22),(30,'2025-05-25',4,'https://pub-6a9212c9ed20436aa578f417b4b6a585.r2.dev/chapters/4/cc24e267-2496-463e-8bbc-6b00f2a9a1a2-6.jpg',23),(31,'2025-05-25',4,'https://pub-6a9212c9ed20436aa578f417b4b6a585.r2.dev/chapters/4/8de3a59d-5acb-4aee-99d8-946caa9bc008-7.jpg',24),(32,'2025-05-25',4,'https://pub-6a9212c9ed20436aa578f417b4b6a585.r2.dev/chapters/4/5dd07445-dc5e-47e5-a9ba-53994d0a08c5-8.jpg',25),(33,'2025-05-25',4,'https://pub-6a9212c9ed20436aa578f417b4b6a585.r2.dev/chapters/4/11d1ac79-6015-4d8a-a473-7b833bc3f968-9.jpg',26),(34,'2025-05-25',4,'https://pub-6a9212c9ed20436aa578f417b4b6a585.r2.dev/chapters/4/16538796-e2d9-4f8b-80d2-f1410437e54c-10.jpg',27),(35,'2025-05-25',4,'https://pub-6a9212c9ed20436aa578f417b4b6a585.r2.dev/chapters/4/835e51f8-2c9a-47c1-9d6a-63c7d050919a-11.jpg',28),(36,'2025-05-25',4,'https://pub-6a9212c9ed20436aa578f417b4b6a585.r2.dev/chapters/4/2a794086-1db6-4d0b-8518-d7a46388286b-12.jpg',29),(37,'2025-05-25',5,'https://pub-6a9212c9ed20436aa578f417b4b6a585.r2.dev/chapters/5/e5fe0c70-ac5e-4dc7-b278-4a75775d1a21-13.jpg',1),(38,'2025-05-25',5,'https://pub-6a9212c9ed20436aa578f417b4b6a585.r2.dev/chapters/5/aade9fd9-c5e8-4b64-abe1-8b39b85cdba5-14.jpg',2),(39,'2025-05-25',5,'https://pub-6a9212c9ed20436aa578f417b4b6a585.r2.dev/chapters/5/4a00d4c9-6e12-4446-aadd-da93b030630b-15.jpg',3),(40,'2025-05-25',5,'https://pub-6a9212c9ed20436aa578f417b4b6a585.r2.dev/chapters/5/c0d93bf1-5cb1-47db-8f73-2b1b9d5fd0ef-16.jpg',4),(41,'2025-05-25',5,'https://pub-6a9212c9ed20436aa578f417b4b6a585.r2.dev/chapters/5/d22f459a-8ae1-4e82-bca4-96e484f074f8-17.jpg',5),(42,'2025-05-25',5,'https://pub-6a9212c9ed20436aa578f417b4b6a585.r2.dev/chapters/5/1c25be68-87ea-4f32-82e7-bb70600ea637-18.jpg',6),(43,'2025-05-25',5,'https://pub-6a9212c9ed20436aa578f417b4b6a585.r2.dev/chapters/5/29492d88-aea1-4f03-8efb-e31862791108-19.jpg',7),(44,'2025-05-25',5,'https://pub-6a9212c9ed20436aa578f417b4b6a585.r2.dev/chapters/5/a7f03ca0-e485-4e93-af91-2526d95fb1ea-20.jpg',8),(45,'2025-05-25',5,'https://pub-6a9212c9ed20436aa578f417b4b6a585.r2.dev/chapters/5/5848013f-c625-4238-be0f-e4631c16204f-21.jpg',9),(46,'2025-05-25',5,'https://pub-6a9212c9ed20436aa578f417b4b6a585.r2.dev/chapters/5/2526e90a-0ff4-42c0-a891-f841e38919a0-22.jpg',10),(47,'2025-05-25',5,'https://pub-6a9212c9ed20436aa578f417b4b6a585.r2.dev/chapters/5/e362ca9e-a89b-47e6-9ddc-e837a1100e9f-23.jpg',11),(48,'2025-05-25',5,'https://pub-6a9212c9ed20436aa578f417b4b6a585.r2.dev/chapters/5/a743f9ef-45a9-45dc-aad1-183a7bf52a17-24.jpg',12),(49,'2025-05-25',5,'https://pub-6a9212c9ed20436aa578f417b4b6a585.r2.dev/chapters/5/f5e03d55-01ce-42ec-93ea-62135eaf5141-25.jpg',13),(50,'2025-05-25',5,'https://pub-6a9212c9ed20436aa578f417b4b6a585.r2.dev/chapters/5/02404951-f724-4535-8edf-6c9cb83dabbc-26.jpg',14),(51,'2025-05-25',5,'https://pub-6a9212c9ed20436aa578f417b4b6a585.r2.dev/chapters/5/116aea50-30a2-4017-ba65-78181090ee7e-27.jpg',15),(52,'2025-05-25',5,'https://pub-6a9212c9ed20436aa578f417b4b6a585.r2.dev/chapters/5/adc93b0b-6b66-421a-b74e-382f903957ce-28.jpg',16),(53,'2025-05-25',5,'https://pub-6a9212c9ed20436aa578f417b4b6a585.r2.dev/chapters/5/9785c498-6e80-4a3c-865f-5e91c124767e-29.jpg',17),(54,'2025-05-25',5,'https://pub-6a9212c9ed20436aa578f417b4b6a585.r2.dev/chapters/5/03f589ec-ef39-4f06-95b9-e9c3328144a5-1.jpg',18),(55,'2025-05-25',5,'https://pub-6a9212c9ed20436aa578f417b4b6a585.r2.dev/chapters/5/89c39f8f-89fc-4e86-b68a-d4b2482531c7-2.jpg',19),(56,'2025-05-25',5,'https://pub-6a9212c9ed20436aa578f417b4b6a585.r2.dev/chapters/5/b7a3b219-47fd-4519-a26a-0e460de62e8a-3.jpg',20),(57,'2025-05-25',5,'https://pub-6a9212c9ed20436aa578f417b4b6a585.r2.dev/chapters/5/31f409ae-c169-4e8c-8c54-e3ad858db490-4.jpg',21),(58,'2025-05-25',5,'https://pub-6a9212c9ed20436aa578f417b4b6a585.r2.dev/chapters/5/ca479eac-37a6-43d5-8cfa-3cd8a3a3623c-5.jpg',22),(59,'2025-05-25',5,'https://pub-6a9212c9ed20436aa578f417b4b6a585.r2.dev/chapters/5/c360bef1-b177-410a-96a3-8d47d3ce6257-6.jpg',23),(60,'2025-05-25',5,'https://pub-6a9212c9ed20436aa578f417b4b6a585.r2.dev/chapters/5/d16478b8-8519-49e3-b265-265d773f407a-7.jpg',24),(61,'2025-05-25',5,'https://pub-6a9212c9ed20436aa578f417b4b6a585.r2.dev/chapters/5/c47f7ce9-2e42-4dab-aa98-5dcbc1ab963f-8.jpg',25),(62,'2025-05-25',5,'https://pub-6a9212c9ed20436aa578f417b4b6a585.r2.dev/chapters/5/7864e89b-afc8-40da-a4a8-7812b8cb1e11-9.jpg',26),(63,'2025-05-25',5,'https://pub-6a9212c9ed20436aa578f417b4b6a585.r2.dev/chapters/5/e4631178-2a1d-47f5-8226-d31ce3817408-10.jpg',27),(64,'2025-05-25',5,'https://pub-6a9212c9ed20436aa578f417b4b6a585.r2.dev/chapters/5/c4f2efa5-8f3c-46fc-9361-704b999fac93-11.jpg',28),(65,'2025-05-25',5,'https://pub-6a9212c9ed20436aa578f417b4b6a585.r2.dev/chapters/5/d57e8cdb-f895-4edf-95f4-70838d05d664-12.jpg',29),(66,'2025-05-25',6,'https://pub-6a9212c9ed20436aa578f417b4b6a585.r2.dev/chapters/6/1408aa69-3b01-4b2b-9016-1e16e7627fcb-3.jpg',1),(67,'2025-05-25',6,'https://pub-6a9212c9ed20436aa578f417b4b6a585.r2.dev/chapters/6/20c47ac6-e6ba-464a-9d28-dfb3e0969261-1.jpg',2),(68,'2025-05-25',6,'https://pub-6a9212c9ed20436aa578f417b4b6a585.r2.dev/chapters/6/533bf1f4-15ec-40e9-a139-9307acf73322-2.jpg',3),(69,'2025-05-25',7,'https://pub-6a9212c9ed20436aa578f417b4b6a585.r2.dev/chapters/7/9c4d611c-3dc3-4954-ab55-58d444a3be54-13.jpg',1),(70,'2025-05-25',7,'https://pub-6a9212c9ed20436aa578f417b4b6a585.r2.dev/chapters/7/a6c1e3cc-56e1-45d7-9bcb-b2d103f0d4fd-14.jpg',2),(71,'2025-05-25',7,'https://pub-6a9212c9ed20436aa578f417b4b6a585.r2.dev/chapters/7/038c2629-7419-4ee8-a4f6-8551c5dfab5a-15.jpg',3),(72,'2025-05-25',7,'https://pub-6a9212c9ed20436aa578f417b4b6a585.r2.dev/chapters/7/da4165f3-eb96-4571-9639-797fc91be5b9-16.jpg',4),(73,'2025-05-25',7,'https://pub-6a9212c9ed20436aa578f417b4b6a585.r2.dev/chapters/7/d84b8640-334b-4c0a-80e9-7a05fc919130-17.jpg',5),(74,'2025-05-25',7,'https://pub-6a9212c9ed20436aa578f417b4b6a585.r2.dev/chapters/7/f58d12b3-153e-4ee0-9635-2cdb8040ae2a-18.jpg',6),(75,'2025-05-25',7,'https://pub-6a9212c9ed20436aa578f417b4b6a585.r2.dev/chapters/7/271b2ece-590f-4085-bcb8-ef2da65c8b8c-19.jpg',7),(76,'2025-05-25',7,'https://pub-6a9212c9ed20436aa578f417b4b6a585.r2.dev/chapters/7/7ef30e95-dc11-427f-89ed-c8ad4eafc583-20.jpg',8),(77,'2025-05-25',7,'https://pub-6a9212c9ed20436aa578f417b4b6a585.r2.dev/chapters/7/0e9c743e-9996-4056-8fb8-6ba0721117fd-21.jpg',9),(78,'2025-05-25',7,'https://pub-6a9212c9ed20436aa578f417b4b6a585.r2.dev/chapters/7/ac81d13b-bfe7-452f-8b09-107515ac68c3-22.jpg',10),(79,'2025-05-25',7,'https://pub-6a9212c9ed20436aa578f417b4b6a585.r2.dev/chapters/7/15fdb68a-c072-445c-b915-afb0beb89b2b-23.jpg',11),(80,'2025-05-25',7,'https://pub-6a9212c9ed20436aa578f417b4b6a585.r2.dev/chapters/7/608ed3d2-52b0-4fa6-896c-f477cc2458ae-24.jpg',12),(81,'2025-05-25',7,'https://pub-6a9212c9ed20436aa578f417b4b6a585.r2.dev/chapters/7/dbed128f-4012-41c1-8a3a-599aaa65556b-25.jpg',13),(82,'2025-05-25',7,'https://pub-6a9212c9ed20436aa578f417b4b6a585.r2.dev/chapters/7/ee39766b-7e04-4749-866a-062ebb730eab-26.jpg',14),(83,'2025-05-25',7,'https://pub-6a9212c9ed20436aa578f417b4b6a585.r2.dev/chapters/7/2e273964-f9dc-462a-87c4-12f596110d4f-27.jpg',15),(84,'2025-05-25',7,'https://pub-6a9212c9ed20436aa578f417b4b6a585.r2.dev/chapters/7/b9dae1aa-4bdf-405b-af11-d8ac4252b49d-28.jpg',16),(85,'2025-05-25',7,'https://pub-6a9212c9ed20436aa578f417b4b6a585.r2.dev/chapters/7/5ccd22c5-cb8d-474e-922c-af7fe852e3b2-29.jpg',17),(86,'2025-05-25',7,'https://pub-6a9212c9ed20436aa578f417b4b6a585.r2.dev/chapters/7/e1e8c3d4-9b5d-4c93-af5a-b8c1d8553246-1.jpg',18),(87,'2025-05-25',7,'https://pub-6a9212c9ed20436aa578f417b4b6a585.r2.dev/chapters/7/5827cc88-4507-4183-b7aa-d1f2c25fe477-2.jpg',19),(88,'2025-05-25',7,'https://pub-6a9212c9ed20436aa578f417b4b6a585.r2.dev/chapters/7/92ef8ab2-51d0-4028-ac58-cb3e544c0a8f-3.jpg',20),(89,'2025-05-25',7,'https://pub-6a9212c9ed20436aa578f417b4b6a585.r2.dev/chapters/7/902c3b3b-2423-4f00-98bf-ec3f7179ff68-4.jpg',21),(90,'2025-05-25',7,'https://pub-6a9212c9ed20436aa578f417b4b6a585.r2.dev/chapters/7/2e0215fd-8127-4929-9857-56b68c691cf8-5.jpg',22),(91,'2025-05-25',7,'https://pub-6a9212c9ed20436aa578f417b4b6a585.r2.dev/chapters/7/860e7d6f-74fa-4ad0-8f84-f6b9458b1b06-6.jpg',23),(92,'2025-05-25',7,'https://pub-6a9212c9ed20436aa578f417b4b6a585.r2.dev/chapters/7/a10a68cb-0eef-4ca0-a75d-b83747397acd-7.jpg',24),(93,'2025-05-25',7,'https://pub-6a9212c9ed20436aa578f417b4b6a585.r2.dev/chapters/7/174feec7-e56f-40f3-92b7-748d924f8949-8.jpg',25),(94,'2025-05-25',7,'https://pub-6a9212c9ed20436aa578f417b4b6a585.r2.dev/chapters/7/d6e8c42c-a4b7-4796-820b-f6c47b0ea7e1-9.jpg',26),(95,'2025-05-25',7,'https://pub-6a9212c9ed20436aa578f417b4b6a585.r2.dev/chapters/7/4d12beb3-02c0-409f-8e99-ed9dd7726e82-10.jpg',27),(96,'2025-05-25',7,'https://pub-6a9212c9ed20436aa578f417b4b6a585.r2.dev/chapters/7/75167f55-7263-463b-ae03-82de63949abb-11.jpg',28),(97,'2025-05-25',7,'https://pub-6a9212c9ed20436aa578f417b4b6a585.r2.dev/chapters/7/5a09c8a4-a483-4c39-8a9c-f254170d54ef-12.jpg',29),(98,'2025-05-25',8,'https://pub-6a9212c9ed20436aa578f417b4b6a585.r2.dev/chapters/8/4d2b4924-fd62-4382-b86e-b1c812b205c1-13.jpg',1),(99,'2025-05-25',8,'https://pub-6a9212c9ed20436aa578f417b4b6a585.r2.dev/chapters/8/5b140cde-d46e-4292-9b7a-3d5c39cf91a8-14.jpg',2),(100,'2025-05-25',8,'https://pub-6a9212c9ed20436aa578f417b4b6a585.r2.dev/chapters/8/dbf1641a-b4b5-4098-8749-d09aff44bd76-15.jpg',3),(101,'2025-05-25',8,'https://pub-6a9212c9ed20436aa578f417b4b6a585.r2.dev/chapters/8/d2f670a1-35e1-4308-8d59-8cc4f66167b9-16.jpg',4),(102,'2025-05-25',8,'https://pub-6a9212c9ed20436aa578f417b4b6a585.r2.dev/chapters/8/83de4322-ad9a-4275-a42a-aa0991809ee9-17.jpg',5),(103,'2025-05-25',8,'https://pub-6a9212c9ed20436aa578f417b4b6a585.r2.dev/chapters/8/646a7ab8-c84e-4a39-a4cd-e2e2557a4d40-18.jpg',6),(104,'2025-05-25',8,'https://pub-6a9212c9ed20436aa578f417b4b6a585.r2.dev/chapters/8/d3ef646d-5cef-449a-ae84-d55c6f861b71-19.jpg',7),(105,'2025-05-25',8,'https://pub-6a9212c9ed20436aa578f417b4b6a585.r2.dev/chapters/8/a350d3a4-5c0b-45e2-afe4-c280e2ce5985-20.jpg',8),(106,'2025-05-25',8,'https://pub-6a9212c9ed20436aa578f417b4b6a585.r2.dev/chapters/8/09a57cd7-0942-4618-9728-faeb0cfc89c1-21.jpg',9),(107,'2025-05-25',8,'https://pub-6a9212c9ed20436aa578f417b4b6a585.r2.dev/chapters/8/2d156073-40db-4323-9592-25bd26e4a9f4-22.jpg',10),(108,'2025-05-25',8,'https://pub-6a9212c9ed20436aa578f417b4b6a585.r2.dev/chapters/8/b2ada682-6489-4138-ab05-48ee92100057-23.jpg',11),(109,'2025-05-25',8,'https://pub-6a9212c9ed20436aa578f417b4b6a585.r2.dev/chapters/8/0cdb1a25-9a2b-4715-8526-ecedb0c82cc3-24.jpg',12),(110,'2025-05-25',8,'https://pub-6a9212c9ed20436aa578f417b4b6a585.r2.dev/chapters/8/fb22e3b9-c011-471b-a4f7-1aa4e690bbcf-25.jpg',13),(111,'2025-05-25',8,'https://pub-6a9212c9ed20436aa578f417b4b6a585.r2.dev/chapters/8/bf8d6b8a-a84a-465d-ae2b-d04795fcdcd8-26.jpg',14),(112,'2025-05-25',8,'https://pub-6a9212c9ed20436aa578f417b4b6a585.r2.dev/chapters/8/4333bae4-0664-46e8-932a-175edcd056e1-27.jpg',15),(113,'2025-05-25',8,'https://pub-6a9212c9ed20436aa578f417b4b6a585.r2.dev/chapters/8/4339cb9d-36dc-48a3-814c-068ded862fdc-28.jpg',16),(114,'2025-05-25',8,'https://pub-6a9212c9ed20436aa578f417b4b6a585.r2.dev/chapters/8/4cb4de19-5b59-4abd-95af-8c5e74f6bd50-29.jpg',17),(115,'2025-05-25',8,'https://pub-6a9212c9ed20436aa578f417b4b6a585.r2.dev/chapters/8/7bbf2f2c-e8ea-4d4a-b1bc-f1ef6eb00c15-1.jpg',18),(116,'2025-05-25',8,'https://pub-6a9212c9ed20436aa578f417b4b6a585.r2.dev/chapters/8/9fd44710-449d-4342-badb-07fb703faf56-2.jpg',19),(117,'2025-05-25',8,'https://pub-6a9212c9ed20436aa578f417b4b6a585.r2.dev/chapters/8/356843de-6f86-4757-9249-b519844997d5-3.jpg',20),(118,'2025-05-25',8,'https://pub-6a9212c9ed20436aa578f417b4b6a585.r2.dev/chapters/8/e873a71a-b9f0-4a9e-9181-c7f90472cc9c-4.jpg',21),(119,'2025-05-25',8,'https://pub-6a9212c9ed20436aa578f417b4b6a585.r2.dev/chapters/8/ae9be327-cd78-41bf-8000-c2679ebb9f97-5.jpg',22),(120,'2025-05-25',8,'https://pub-6a9212c9ed20436aa578f417b4b6a585.r2.dev/chapters/8/60de57d3-0e36-4d2a-9ca8-41feea2893a2-6.jpg',23),(121,'2025-05-25',8,'https://pub-6a9212c9ed20436aa578f417b4b6a585.r2.dev/chapters/8/c6fdbbb7-f276-4f1e-985d-3d65723f06b5-7.jpg',24),(122,'2025-05-25',8,'https://pub-6a9212c9ed20436aa578f417b4b6a585.r2.dev/chapters/8/50533d6c-3096-44ef-93eb-1c6ceb159b06-8.jpg',25),(123,'2025-05-25',8,'https://pub-6a9212c9ed20436aa578f417b4b6a585.r2.dev/chapters/8/a1f1c49c-b461-44b1-bf9b-12bbd3a26a3c-9.jpg',26),(124,'2025-05-25',8,'https://pub-6a9212c9ed20436aa578f417b4b6a585.r2.dev/chapters/8/0a07dbdd-5ef3-4dbb-8d62-138622b22df4-10.jpg',27),(125,'2025-05-25',8,'https://pub-6a9212c9ed20436aa578f417b4b6a585.r2.dev/chapters/8/8e12b638-2d59-4908-8777-f2b37e3515e2-11.jpg',28),(126,'2025-05-25',8,'https://pub-6a9212c9ed20436aa578f417b4b6a585.r2.dev/chapters/8/36fd32d9-5c6a-4e5a-bb22-4348299753d3-12.jpg',29),(127,'2025-05-25',9,'https://pub-6a9212c9ed20436aa578f417b4b6a585.r2.dev/chapters/9/8b969791-e67c-469a-a124-48452980ec7d-1.jpg',1),(128,'2025-05-25',9,'https://pub-6a9212c9ed20436aa578f417b4b6a585.r2.dev/chapters/9/cc7e94d1-571c-496e-a2d8-5b347edd4bb0-2.jpg',2),(129,'2025-05-25',9,'https://pub-6a9212c9ed20436aa578f417b4b6a585.r2.dev/chapters/9/32681411-ef90-49e7-9708-a4ea6a4e4f3d-3.jpg',3),(130,'2025-05-25',9,'https://pub-6a9212c9ed20436aa578f417b4b6a585.r2.dev/chapters/9/8e1d2823-e1aa-4cd7-a984-073105386fbd-4.jpg',4),(131,'2025-05-25',9,'https://pub-6a9212c9ed20436aa578f417b4b6a585.r2.dev/chapters/9/a7561d6f-c42c-4158-bf33-3199463b8374-5.jpg',5),(132,'2025-05-25',9,'https://pub-6a9212c9ed20436aa578f417b4b6a585.r2.dev/chapters/9/f9f5659e-f8cd-43ee-a709-4a15efbda9c7-6.jpg',6),(133,'2025-05-25',9,'https://pub-6a9212c9ed20436aa578f417b4b6a585.r2.dev/chapters/9/e8116820-f3bd-4e72-b96f-4660afffa0e1-7.jpg',7),(134,'2025-05-25',9,'https://pub-6a9212c9ed20436aa578f417b4b6a585.r2.dev/chapters/9/c35545fe-4992-43b0-b73e-0b37d6acab79-8.jpg',8),(135,'2025-05-25',9,'https://pub-6a9212c9ed20436aa578f417b4b6a585.r2.dev/chapters/9/8cb74d5b-5e2f-4003-8991-05ab82722237-9.jpg',9),(136,'2025-05-25',9,'https://pub-6a9212c9ed20436aa578f417b4b6a585.r2.dev/chapters/9/1039feaa-dedb-4cbf-b8a6-329a436355c4-10.jpg',10),(137,'2025-05-25',9,'https://pub-6a9212c9ed20436aa578f417b4b6a585.r2.dev/chapters/9/e6a2e1a3-7d66-42e3-8ceb-419a1ac19ca9-11.jpg',11),(138,'2025-05-25',9,'https://pub-6a9212c9ed20436aa578f417b4b6a585.r2.dev/chapters/9/713ae9ec-afdf-4666-8f84-5ee74e9ac190-12.jpg',12),(139,'2025-05-25',9,'https://pub-6a9212c9ed20436aa578f417b4b6a585.r2.dev/chapters/9/150d35a3-cb7a-44ba-85d4-cfe4e2400bf6-13.jpg',13),(140,'2025-05-25',9,'https://pub-6a9212c9ed20436aa578f417b4b6a585.r2.dev/chapters/9/5b5b4078-32e7-4938-9a30-035205959a55-14.jpg',14),(141,'2025-05-25',9,'https://pub-6a9212c9ed20436aa578f417b4b6a585.r2.dev/chapters/9/962d19ba-0a47-40d1-96c3-90a5ec541ede-15.jpg',15),(142,'2025-05-25',9,'https://pub-6a9212c9ed20436aa578f417b4b6a585.r2.dev/chapters/9/523b0beb-085b-46b5-a109-6c257c67e8f3-16.jpg',16),(143,'2025-05-25',9,'https://pub-6a9212c9ed20436aa578f417b4b6a585.r2.dev/chapters/9/89da959a-7a87-4e2f-95bf-1515215c586e-17.jpg',17),(144,'2025-05-25',9,'https://pub-6a9212c9ed20436aa578f417b4b6a585.r2.dev/chapters/9/b69e459d-3446-480f-b7c4-fc34d2f6f779-18.jpg',18),(145,'2025-05-25',9,'https://pub-6a9212c9ed20436aa578f417b4b6a585.r2.dev/chapters/9/73de91c5-f71f-4d8e-8e11-7a1f793ae094-19.jpg',19),(146,'2025-05-25',9,'https://pub-6a9212c9ed20436aa578f417b4b6a585.r2.dev/chapters/9/20c5b71f-4620-48ec-9769-22c371a9d254-20.jpg',20),(147,'2025-05-25',9,'https://pub-6a9212c9ed20436aa578f417b4b6a585.r2.dev/chapters/9/14da9d23-700a-416c-b701-1ab96dcd12ce-21.jpg',21),(148,'2025-05-25',9,'https://pub-6a9212c9ed20436aa578f417b4b6a585.r2.dev/chapters/9/25ec6ce9-d3b1-4a21-97b8-54c5f170716e-22.jpg',22),(149,'2025-05-25',9,'https://pub-6a9212c9ed20436aa578f417b4b6a585.r2.dev/chapters/9/b576041c-7a62-48f7-9f72-7f3a035d7c87-23.jpg',23),(150,'2025-05-25',9,'https://pub-6a9212c9ed20436aa578f417b4b6a585.r2.dev/chapters/9/8daade81-0d8d-42c1-afda-e9436ce68b34-24.jpg',24),(151,'2025-05-25',9,'https://pub-6a9212c9ed20436aa578f417b4b6a585.r2.dev/chapters/9/6cc6f9ae-4ddd-42a7-8e16-fb57d99fa395-25.jpg',25),(152,'2025-05-25',9,'https://pub-6a9212c9ed20436aa578f417b4b6a585.r2.dev/chapters/9/45547a7e-2737-4f1a-8a2a-2cc5e047d3c9-26.jpg',26),(153,'2025-05-25',9,'https://pub-6a9212c9ed20436aa578f417b4b6a585.r2.dev/chapters/9/4a2707af-3f67-4e54-b67f-002a8afd6770-27.jpg',27),(154,'2025-05-25',9,'https://pub-6a9212c9ed20436aa578f417b4b6a585.r2.dev/chapters/9/72751b04-4fc0-4b33-b735-66a84f9b6c17-28.jpg',28),(155,'2025-05-25',9,'https://pub-6a9212c9ed20436aa578f417b4b6a585.r2.dev/chapters/9/e76dd504-8c78-49b9-8c70-469416177349-29.jpg',29),(156,'2025-05-25',10,'https://pub-6a9212c9ed20436aa578f417b4b6a585.r2.dev/chapters/10/13324ada-8483-4b47-ac3d-d23ab4e60f29-1.jpg',1),(157,'2025-05-25',10,'https://pub-6a9212c9ed20436aa578f417b4b6a585.r2.dev/chapters/10/6db625ce-c43f-4f27-9451-ec58eff47a74-2.jpg',2),(158,'2025-05-25',10,'https://pub-6a9212c9ed20436aa578f417b4b6a585.r2.dev/chapters/10/ca5cd0fa-36a4-48ae-ad7c-bea4d570f9bd-3.jpg',3),(159,'2025-05-25',10,'https://pub-6a9212c9ed20436aa578f417b4b6a585.r2.dev/chapters/10/fda4a328-37cb-4ab7-80ad-25cb0809b0bd-4.jpg',4),(160,'2025-05-25',10,'https://pub-6a9212c9ed20436aa578f417b4b6a585.r2.dev/chapters/10/bb46d7dd-b9be-4b7d-a0f1-e866ac5e9a51-5.jpg',5),(161,'2025-05-25',10,'https://pub-6a9212c9ed20436aa578f417b4b6a585.r2.dev/chapters/10/f9179154-8080-4cc2-8b28-cbfa52b558a6-6.jpg',6),(162,'2025-05-25',10,'https://pub-6a9212c9ed20436aa578f417b4b6a585.r2.dev/chapters/10/83c62500-9b1e-47db-bc22-364b762ce3d3-7.jpg',7),(163,'2025-05-25',10,'https://pub-6a9212c9ed20436aa578f417b4b6a585.r2.dev/chapters/10/966533c2-cbce-46af-9d32-c17664184d7a-8.jpg',8),(164,'2025-05-25',10,'https://pub-6a9212c9ed20436aa578f417b4b6a585.r2.dev/chapters/10/bd037f89-a384-4252-ad11-32eb1bb8ed44-9.jpg',9),(165,'2025-05-25',10,'https://pub-6a9212c9ed20436aa578f417b4b6a585.r2.dev/chapters/10/a061ce33-cd1f-4848-9c4e-8be7e60a12e3-10.jpg',10),(166,'2025-05-25',10,'https://pub-6a9212c9ed20436aa578f417b4b6a585.r2.dev/chapters/10/f6f29dce-dd46-4188-ab16-a28a9f503088-11.jpg',11),(167,'2025-05-25',10,'https://pub-6a9212c9ed20436aa578f417b4b6a585.r2.dev/chapters/10/86ba8e53-15b8-41e9-a150-fac67b9d98e2-12.jpg',12),(168,'2025-05-25',10,'https://pub-6a9212c9ed20436aa578f417b4b6a585.r2.dev/chapters/10/560ec7a0-3712-4869-9813-0e5b24165c23-13.jpg',13),(169,'2025-05-25',10,'https://pub-6a9212c9ed20436aa578f417b4b6a585.r2.dev/chapters/10/3dd6fd7d-67f7-4051-aa3e-ef46aef19562-14.jpg',14),(170,'2025-05-25',10,'https://pub-6a9212c9ed20436aa578f417b4b6a585.r2.dev/chapters/10/a554ee06-4cd1-4eda-9fb2-f27634fff9c7-15.jpg',15),(171,'2025-05-25',10,'https://pub-6a9212c9ed20436aa578f417b4b6a585.r2.dev/chapters/10/6726cfb2-8178-4a68-9fd9-16f2c01be867-16.jpg',16),(172,'2025-05-25',10,'https://pub-6a9212c9ed20436aa578f417b4b6a585.r2.dev/chapters/10/c1365489-c7cb-44d3-a897-59219ad18606-17.jpg',17),(173,'2025-05-25',10,'https://pub-6a9212c9ed20436aa578f417b4b6a585.r2.dev/chapters/10/d6a5c359-809c-4af5-8098-76ed79a1bb77-18.jpg',18),(174,'2025-05-25',10,'https://pub-6a9212c9ed20436aa578f417b4b6a585.r2.dev/chapters/10/8f7e4145-c099-4420-93d3-0d4a932c7b60-19.jpg',19),(175,'2025-05-25',10,'https://pub-6a9212c9ed20436aa578f417b4b6a585.r2.dev/chapters/10/c2bb7abd-1fc8-46c9-bee6-fd80b083d29a-20.jpg',20),(176,'2025-05-25',10,'https://pub-6a9212c9ed20436aa578f417b4b6a585.r2.dev/chapters/10/431f0752-975a-43db-be43-2adc789be71b-21.jpg',21),(177,'2025-05-25',10,'https://pub-6a9212c9ed20436aa578f417b4b6a585.r2.dev/chapters/10/d4e384f3-f5bc-4629-8375-45d97b34de65-22.jpg',22),(178,'2025-05-25',10,'https://pub-6a9212c9ed20436aa578f417b4b6a585.r2.dev/chapters/10/c2eb6893-53a3-481d-9f78-9507bdee5b6e-23.jpg',23),(179,'2025-05-25',10,'https://pub-6a9212c9ed20436aa578f417b4b6a585.r2.dev/chapters/10/285f0112-f023-4198-b298-59f6db732937-24.jpg',24),(180,'2025-05-25',10,'https://pub-6a9212c9ed20436aa578f417b4b6a585.r2.dev/chapters/10/50dcaaab-b6ec-4956-943f-89fd68937cc0-25.jpg',25),(181,'2025-05-25',10,'https://pub-6a9212c9ed20436aa578f417b4b6a585.r2.dev/chapters/10/ec9ab562-2d94-463b-b7c0-c784fad89c18-26.jpg',26),(182,'2025-05-25',10,'https://pub-6a9212c9ed20436aa578f417b4b6a585.r2.dev/chapters/10/7e352e8c-996a-415e-b0c1-c8bdf3bcbb25-27.jpg',27),(183,'2025-05-25',10,'https://pub-6a9212c9ed20436aa578f417b4b6a585.r2.dev/chapters/10/82808519-1912-4960-820a-43aaeb14e449-28.jpg',28),(184,'2025-05-25',10,'https://pub-6a9212c9ed20436aa578f417b4b6a585.r2.dev/chapters/10/9476fcf0-dad8-4bf6-b995-84e5d34ed70d-29.jpg',29),(185,'2025-05-25',11,'https://pub-6a9212c9ed20436aa578f417b4b6a585.r2.dev/chapters/11/111a8d61-0bc1-4625-b7ed-8494422d6beb-1.jpg',1),(186,'2025-05-25',11,'https://pub-6a9212c9ed20436aa578f417b4b6a585.r2.dev/chapters/11/a4d99d04-87e5-4824-bfa1-261e1bae39e9-2.jpg',2),(187,'2025-05-25',11,'https://pub-6a9212c9ed20436aa578f417b4b6a585.r2.dev/chapters/11/4110911d-27a8-44cf-a317-bed1a3e169be-3.jpg',3),(188,'2025-05-25',12,'https://pub-6a9212c9ed20436aa578f417b4b6a585.r2.dev/chapters/12/36f3197c-6555-4e19-9aff-05f241174a5d-1.jpg',1),(189,'2025-05-25',12,'https://pub-6a9212c9ed20436aa578f417b4b6a585.r2.dev/chapters/12/9c5237fd-36d3-4d08-aff0-829c7b381c40-2.jpg',2),(190,'2025-05-25',12,'https://pub-6a9212c9ed20436aa578f417b4b6a585.r2.dev/chapters/12/100798ab-867e-42ac-8707-23c92fe16ba6-3.jpg',3),(191,'2025-05-25',12,'https://pub-6a9212c9ed20436aa578f417b4b6a585.r2.dev/chapters/12/45fd1dc7-1488-48d8-ae90-bb038dd2f502-4.jpg',4),(192,'2025-05-25',12,'https://pub-6a9212c9ed20436aa578f417b4b6a585.r2.dev/chapters/12/75371bd0-60a7-47bb-a93c-67dc7fd20ad8-5.jpg',5),(193,'2025-05-25',12,'https://pub-6a9212c9ed20436aa578f417b4b6a585.r2.dev/chapters/12/7e2bc209-3dba-4f71-a357-9160a6bbf5f6-6.jpg',6),(194,'2025-05-25',12,'https://pub-6a9212c9ed20436aa578f417b4b6a585.r2.dev/chapters/12/3d89f1fe-df5f-46de-8bc4-f2a3c10a41c7-7.jpg',7),(195,'2025-05-25',12,'https://pub-6a9212c9ed20436aa578f417b4b6a585.r2.dev/chapters/12/24a67ad8-8a59-4646-a425-07e2dd18d774-8.jpg',8),(196,'2025-05-25',12,'https://pub-6a9212c9ed20436aa578f417b4b6a585.r2.dev/chapters/12/3ed713eb-5232-4219-a1d6-d8f0bcf72778-9.jpg',9),(197,'2025-05-25',12,'https://pub-6a9212c9ed20436aa578f417b4b6a585.r2.dev/chapters/12/de694d67-198e-43f7-ae62-8cf1a289a17e-10.jpg',10),(198,'2025-05-25',12,'https://pub-6a9212c9ed20436aa578f417b4b6a585.r2.dev/chapters/12/cef99633-4062-4050-b963-e09e76360895-11.jpg',11),(199,'2025-05-25',12,'https://pub-6a9212c9ed20436aa578f417b4b6a585.r2.dev/chapters/12/7be62ef8-1467-4cb5-9d0d-fc5614b7e9a0-12.jpg',12),(200,'2025-05-25',12,'https://pub-6a9212c9ed20436aa578f417b4b6a585.r2.dev/chapters/12/ac8fd5f9-4472-4668-b820-e1a807234625-13.jpg',13),(201,'2025-05-25',12,'https://pub-6a9212c9ed20436aa578f417b4b6a585.r2.dev/chapters/12/042b0718-ac90-4107-a4f5-3c82b8865214-14.jpg',14),(202,'2025-05-25',12,'https://pub-6a9212c9ed20436aa578f417b4b6a585.r2.dev/chapters/12/2e7e4f2b-95f9-4a0b-b5f3-99fcc15127f4-15.jpg',15),(203,'2025-05-25',12,'https://pub-6a9212c9ed20436aa578f417b4b6a585.r2.dev/chapters/12/9745c419-fb8f-49ed-99e9-a300fd92d96d-16.jpg',16),(204,'2025-05-25',12,'https://pub-6a9212c9ed20436aa578f417b4b6a585.r2.dev/chapters/12/a1a947e0-5cdf-4eaf-ab16-3d47c585cf6e-17.jpg',17),(205,'2025-05-25',12,'https://pub-6a9212c9ed20436aa578f417b4b6a585.r2.dev/chapters/12/437d957b-5f39-4a6d-934b-a0034176387b-18.jpg',18),(206,'2025-05-25',12,'https://pub-6a9212c9ed20436aa578f417b4b6a585.r2.dev/chapters/12/b306cc22-5449-46db-9c6a-65448b9854bc-19.jpg',19),(207,'2025-05-25',12,'https://pub-6a9212c9ed20436aa578f417b4b6a585.r2.dev/chapters/12/bc184423-ca78-44e8-ac21-dd82c71022b9-20.jpg',20),(208,'2025-05-25',12,'https://pub-6a9212c9ed20436aa578f417b4b6a585.r2.dev/chapters/12/cc0df03d-89c3-4e6d-b378-eddc58ed40ff-21.jpg',21),(209,'2025-05-25',12,'https://pub-6a9212c9ed20436aa578f417b4b6a585.r2.dev/chapters/12/875fd0fc-0adb-4fac-bc8e-8cb126fc17e5-22.jpg',22),(210,'2025-05-25',12,'https://pub-6a9212c9ed20436aa578f417b4b6a585.r2.dev/chapters/12/54bf3271-ff52-4f45-a3d9-534ee583a80c-23.jpg',23),(211,'2025-05-25',12,'https://pub-6a9212c9ed20436aa578f417b4b6a585.r2.dev/chapters/12/8b7309d1-0129-4c23-8dce-3da1b1ef9ead-24.jpg',24),(212,'2025-05-25',12,'https://pub-6a9212c9ed20436aa578f417b4b6a585.r2.dev/chapters/12/ddd22892-2f1f-474d-bc61-ff944acb488c-25.jpg',25),(213,'2025-05-25',12,'https://pub-6a9212c9ed20436aa578f417b4b6a585.r2.dev/chapters/12/f59a8417-fb61-410d-80f7-d58d9e7b80d9-26.jpg',26),(214,'2025-05-25',12,'https://pub-6a9212c9ed20436aa578f417b4b6a585.r2.dev/chapters/12/13414e02-3388-424e-99d6-fa6c49ab137c-27.jpg',27),(215,'2025-05-25',12,'https://pub-6a9212c9ed20436aa578f417b4b6a585.r2.dev/chapters/12/4b826ea0-e584-4ec7-a411-8510cbac3f81-28.jpg',28),(216,'2025-05-25',12,'https://pub-6a9212c9ed20436aa578f417b4b6a585.r2.dev/chapters/12/0321b038-c8b5-45d5-a1b4-3d6844f6d5ac-29.jpg',29),(217,'2025-05-25',13,'https://pub-6a9212c9ed20436aa578f417b4b6a585.r2.dev/chapters/13/1d03c46c-d993-43e2-a4ab-d6e565a8a602-1.jpg',1),(218,'2025-05-25',13,'https://pub-6a9212c9ed20436aa578f417b4b6a585.r2.dev/chapters/13/0f1997f4-7c5a-4126-b7bb-6b701734a85f-2.jpg',2),(219,'2025-05-25',13,'https://pub-6a9212c9ed20436aa578f417b4b6a585.r2.dev/chapters/13/3ed6c9cb-ccda-4105-8a3c-920fd71c964c-3.jpg',3),(220,'2025-05-27',14,'https://pub-6a9212c9ed20436aa578f417b4b6a585.r2.dev/chapters/14/22adc6d7-a934-4145-8122-2386dfd1fc47-1.jpg',1),(221,'2025-05-27',14,'https://pub-6a9212c9ed20436aa578f417b4b6a585.r2.dev/chapters/14/8c894644-b7dd-406e-908a-1611b0f39c2a-2.jpg',2),(222,'2025-05-27',14,'https://pub-6a9212c9ed20436aa578f417b4b6a585.r2.dev/chapters/14/85496616-62af-4803-90bb-7a061ebc4bdf-3.jpg',3),(223,'2025-05-27',14,'https://pub-6a9212c9ed20436aa578f417b4b6a585.r2.dev/chapters/14/40e8b512-7d71-43bc-9e28-8c6e39fe8c73-4.jpg',4),(224,'2025-05-27',14,'https://pub-6a9212c9ed20436aa578f417b4b6a585.r2.dev/chapters/14/7fb10a3f-6833-4def-bb09-cb0a194d5f6e-5.jpg',5),(225,'2025-05-27',14,'https://pub-6a9212c9ed20436aa578f417b4b6a585.r2.dev/chapters/14/6b386a7d-77d8-4c5c-87d2-76c3fd1ac6ff-6.jpg',6),(226,'2025-05-27',14,'https://pub-6a9212c9ed20436aa578f417b4b6a585.r2.dev/chapters/14/67f66d46-73ed-456b-8ebe-339885207368-7.jpg',7),(227,'2025-05-27',14,'https://pub-6a9212c9ed20436aa578f417b4b6a585.r2.dev/chapters/14/1a938818-fa28-49db-8307-6e9308fe440b-8.jpg',8),(228,'2025-05-27',14,'https://pub-6a9212c9ed20436aa578f417b4b6a585.r2.dev/chapters/14/aed5d780-1f70-4541-a7d5-4ea331be9f3e-9.jpg',9),(229,'2025-05-27',14,'https://pub-6a9212c9ed20436aa578f417b4b6a585.r2.dev/chapters/14/66dd479a-5077-428c-9a21-9d69f25059fb-10.jpg',10),(230,'2025-05-27',14,'https://pub-6a9212c9ed20436aa578f417b4b6a585.r2.dev/chapters/14/5f5014c8-1be2-4d25-a87d-e34f89c60655-11.jpg',11),(231,'2025-05-27',14,'https://pub-6a9212c9ed20436aa578f417b4b6a585.r2.dev/chapters/14/dfaa6024-e5ca-4429-b715-052f7fd24d59-12.jpg',12),(232,'2025-05-27',14,'https://pub-6a9212c9ed20436aa578f417b4b6a585.r2.dev/chapters/14/3acac4e1-38b2-4a83-a974-cfe95dbad05f-13.jpg',13),(233,'2025-05-27',14,'https://pub-6a9212c9ed20436aa578f417b4b6a585.r2.dev/chapters/14/e83ff84b-3444-4095-b356-690aafa9dcb3-14.jpg',14),(234,'2025-05-27',14,'https://pub-6a9212c9ed20436aa578f417b4b6a585.r2.dev/chapters/14/5e0fd5d9-640b-44f3-9d35-3282dc083703-15.jpg',15),(235,'2025-05-27',14,'https://pub-6a9212c9ed20436aa578f417b4b6a585.r2.dev/chapters/14/2475fad9-623c-46d1-82a6-c60f23c67c44-16.jpg',16),(236,'2025-05-27',14,'https://pub-6a9212c9ed20436aa578f417b4b6a585.r2.dev/chapters/14/abc47601-7326-4c77-ace9-254a01f7b98a-17.jpg',17),(237,'2025-05-27',14,'https://pub-6a9212c9ed20436aa578f417b4b6a585.r2.dev/chapters/14/e03699bb-7a4a-4d04-8c9b-cede86f7261f-18.jpg',18),(238,'2025-05-27',14,'https://pub-6a9212c9ed20436aa578f417b4b6a585.r2.dev/chapters/14/4dce2523-f812-4084-9bf8-bf09d993bcd7-19.jpg',19),(239,'2025-05-27',14,'https://pub-6a9212c9ed20436aa578f417b4b6a585.r2.dev/chapters/14/2f0aa422-fdbe-4d7c-b397-94ab60b5ed03-20.jpg',20),(240,'2025-05-27',14,'https://pub-6a9212c9ed20436aa578f417b4b6a585.r2.dev/chapters/14/217b0eb1-5280-4015-b966-981fcef108dc-21.jpg',21),(241,'2025-05-27',14,'https://pub-6a9212c9ed20436aa578f417b4b6a585.r2.dev/chapters/14/395ebc92-3fe3-44cd-9b20-31fa787077e3-22.jpg',22),(242,'2025-05-27',14,'https://pub-6a9212c9ed20436aa578f417b4b6a585.r2.dev/chapters/14/d4faadb4-a393-4599-b0c1-543f9bd9ec14-23.jpg',23),(243,'2025-05-27',14,'https://pub-6a9212c9ed20436aa578f417b4b6a585.r2.dev/chapters/14/f692217d-99c7-4d2e-a55a-fd74e6654efb-24.jpg',24),(244,'2025-05-27',14,'https://pub-6a9212c9ed20436aa578f417b4b6a585.r2.dev/chapters/14/408cad71-aa6e-4735-9f20-d3c6a4e23435-25.jpg',25),(245,'2025-05-27',14,'https://pub-6a9212c9ed20436aa578f417b4b6a585.r2.dev/chapters/14/bdf79b4e-9fad-4f8f-9167-9d89e949466b-26.jpg',26),(246,'2025-05-27',14,'https://pub-6a9212c9ed20436aa578f417b4b6a585.r2.dev/chapters/14/ff60b47c-d514-45cc-a407-a578796f84d2-27.jpg',27),(247,'2025-05-27',14,'https://pub-6a9212c9ed20436aa578f417b4b6a585.r2.dev/chapters/14/3ea30bd3-8213-45be-a541-a757e12bf88c-28.jpg',28),(248,'2025-05-27',14,'https://pub-6a9212c9ed20436aa578f417b4b6a585.r2.dev/chapters/14/4613241d-06ee-4074-8f04-b36d38b90c50-29.jpg',29),(249,'2025-05-27',15,'https://pub-6a9212c9ed20436aa578f417b4b6a585.r2.dev/chapters/15/bba97937-062f-42d0-b840-09c568433201-1.jpg',1),(250,'2025-05-27',15,'https://pub-6a9212c9ed20436aa578f417b4b6a585.r2.dev/chapters/15/ce7b6770-5504-44f6-87e0-18de26f18e06-2.jpg',2),(251,'2025-05-27',15,'https://pub-6a9212c9ed20436aa578f417b4b6a585.r2.dev/chapters/15/88bdb816-0e17-4528-b621-a3a5eaca51c5-3.jpg',3),(252,'2025-05-27',16,'https://pub-6a9212c9ed20436aa578f417b4b6a585.r2.dev/chapters/16/d644992f-0f9e-46b2-bef2-00ce5ba6c404-1.jpg',1),(253,'2025-05-27',16,'https://pub-6a9212c9ed20436aa578f417b4b6a585.r2.dev/chapters/16/e7968e1d-4404-4b15-9004-843a230c544a-2.jpg',2),(254,'2025-05-27',16,'https://pub-6a9212c9ed20436aa578f417b4b6a585.r2.dev/chapters/16/1d120b3c-f6ae-4efb-ac10-cd6fda3bf5b5-3.jpg',3),(255,'2025-05-27',17,'https://pub-6a9212c9ed20436aa578f417b4b6a585.r2.dev/chapters/17/3cd08419-6796-4cfa-bedc-c380c361b554-1.jpg',1),(256,'2025-05-27',17,'https://pub-6a9212c9ed20436aa578f417b4b6a585.r2.dev/chapters/17/b39035f1-d750-494e-87a6-c63fc55b410f-2.jpg',2),(257,'2025-05-27',17,'https://pub-6a9212c9ed20436aa578f417b4b6a585.r2.dev/chapters/17/74e1f662-bda4-43ac-a997-8cefad4d6412-3.jpg',3),(258,'2025-05-27',17,'https://pub-6a9212c9ed20436aa578f417b4b6a585.r2.dev/chapters/17/1f2ee134-8559-4986-95a9-7225a7ccaba1-4.jpg',4),(259,'2025-05-27',17,'https://pub-6a9212c9ed20436aa578f417b4b6a585.r2.dev/chapters/17/82e054fc-360b-4af8-bc0f-a7647f4b4651-5.jpg',5),(260,'2025-05-27',17,'https://pub-6a9212c9ed20436aa578f417b4b6a585.r2.dev/chapters/17/d066c4e2-99ce-4551-8b04-2753aabb678a-6.jpg',6),(261,'2025-05-27',17,'https://pub-6a9212c9ed20436aa578f417b4b6a585.r2.dev/chapters/17/ad40dfcc-22dd-41eb-823e-b3becad7fe48-7.jpg',7),(262,'2025-05-27',17,'https://pub-6a9212c9ed20436aa578f417b4b6a585.r2.dev/chapters/17/3be58ec2-0370-43f7-b163-d9b24347b2af-8.jpg',8),(263,'2025-05-27',17,'https://pub-6a9212c9ed20436aa578f417b4b6a585.r2.dev/chapters/17/00d1bfae-8b26-486f-abb5-c09917dffc10-9.jpg',9),(264,'2025-05-27',17,'https://pub-6a9212c9ed20436aa578f417b4b6a585.r2.dev/chapters/17/008f6a98-568b-45bd-a926-4a31e1fd190c-10.jpg',10),(265,'2025-05-27',17,'https://pub-6a9212c9ed20436aa578f417b4b6a585.r2.dev/chapters/17/c2e32aab-76d3-4a25-a9ea-99bb127658cc-11.jpg',11),(266,'2025-05-27',17,'https://pub-6a9212c9ed20436aa578f417b4b6a585.r2.dev/chapters/17/78a578d8-1a17-408a-9119-1e7af81dbc48-12.jpg',12),(267,'2025-05-27',17,'https://pub-6a9212c9ed20436aa578f417b4b6a585.r2.dev/chapters/17/8ad7ab7b-da6a-4ddf-98a8-da3290492bbe-13.jpg',13),(268,'2025-05-27',17,'https://pub-6a9212c9ed20436aa578f417b4b6a585.r2.dev/chapters/17/4a5b634a-dceb-44fb-8b71-81b12d58e29b-14.jpg',14),(269,'2025-05-27',17,'https://pub-6a9212c9ed20436aa578f417b4b6a585.r2.dev/chapters/17/c55076fb-5227-4586-b952-372c4f9f3a20-15.jpg',15),(270,'2025-05-27',17,'https://pub-6a9212c9ed20436aa578f417b4b6a585.r2.dev/chapters/17/a50dec4e-49f3-41c1-93a6-d48b06e418c9-16.jpg',16),(271,'2025-05-27',17,'https://pub-6a9212c9ed20436aa578f417b4b6a585.r2.dev/chapters/17/0400f94d-f949-4d23-962b-996228325bc9-17.jpg',17),(272,'2025-05-27',17,'https://pub-6a9212c9ed20436aa578f417b4b6a585.r2.dev/chapters/17/3f83ab01-a7fb-4f0f-b742-82a46edf1c24-18.jpg',18),(273,'2025-05-27',17,'https://pub-6a9212c9ed20436aa578f417b4b6a585.r2.dev/chapters/17/03558787-f52a-4646-bc98-992909329b9e-19.jpg',19),(274,'2025-05-27',17,'https://pub-6a9212c9ed20436aa578f417b4b6a585.r2.dev/chapters/17/ddc7ccdb-37af-42a7-9080-ebe572171d11-20.jpg',20),(275,'2025-05-27',17,'https://pub-6a9212c9ed20436aa578f417b4b6a585.r2.dev/chapters/17/45d2e12b-75cd-4f93-b4f0-c726f4a0ba6c-21.jpg',21),(276,'2025-05-27',17,'https://pub-6a9212c9ed20436aa578f417b4b6a585.r2.dev/chapters/17/d1e05ce2-8e5a-47e3-a8b1-29d3199ab55e-22.jpg',22),(277,'2025-05-27',17,'https://pub-6a9212c9ed20436aa578f417b4b6a585.r2.dev/chapters/17/1c6ce55b-ff7f-49c8-bdec-5046750634d6-23.jpg',23),(278,'2025-05-27',17,'https://pub-6a9212c9ed20436aa578f417b4b6a585.r2.dev/chapters/17/92332ed9-65d1-4442-a781-ab0ce09dd87a-24.jpg',24),(279,'2025-05-27',17,'https://pub-6a9212c9ed20436aa578f417b4b6a585.r2.dev/chapters/17/d7929def-6f90-4bae-984a-f818b85d387a-25.jpg',25),(280,'2025-05-27',17,'https://pub-6a9212c9ed20436aa578f417b4b6a585.r2.dev/chapters/17/10a7461e-46c9-474d-b4f9-b412cac131d5-26.jpg',26),(281,'2025-05-27',17,'https://pub-6a9212c9ed20436aa578f417b4b6a585.r2.dev/chapters/17/7a2a75fd-5173-466c-86bc-677061764e52-27.jpg',27),(282,'2025-05-27',17,'https://pub-6a9212c9ed20436aa578f417b4b6a585.r2.dev/chapters/17/9cd2c281-ecc1-4c4b-8d1a-9f40c25f53eb-28.jpg',28),(283,'2025-05-27',17,'https://pub-6a9212c9ed20436aa578f417b4b6a585.r2.dev/chapters/17/a5ee91f1-ad12-44d0-86ac-2b1bff4b9ac5-29.jpg',29),(284,'2025-05-27',18,'https://pub-6a9212c9ed20436aa578f417b4b6a585.r2.dev/chapters/18/d1a02bfb-1785-447d-85a3-4e3845f2c473-1.jpg',1),(285,'2025-05-27',18,'https://pub-6a9212c9ed20436aa578f417b4b6a585.r2.dev/chapters/18/b29d7155-6bc4-4618-9001-ee2a1a60bb0b-2.jpg',2),(286,'2025-05-27',18,'https://pub-6a9212c9ed20436aa578f417b4b6a585.r2.dev/chapters/18/45691ad1-177d-4118-9c61-f573cc6b0713-3.jpg',3),(287,'2025-05-28',19,'https://pub-6a9212c9ed20436aa578f417b4b6a585.r2.dev/chapters/19/ea489b89-ecd8-4315-9a0c-ed1f0da523a2-1.jpg',1),(288,'2025-05-28',19,'https://pub-6a9212c9ed20436aa578f417b4b6a585.r2.dev/chapters/19/2b54eae3-68b5-4b04-8cde-6c05b43fc512-2.jpg',2),(289,'2025-05-28',19,'https://pub-6a9212c9ed20436aa578f417b4b6a585.r2.dev/chapters/19/151ceb7a-f132-4d0f-9dc6-fffd3fb7c2ee-3.jpg',3),(290,'2025-05-28',20,'https://pub-6a9212c9ed20436aa578f417b4b6a585.r2.dev/chapters/20/7166c78c-4388-4736-a5e8-a79676936bd3-1.jpg',1),(291,'2025-05-28',20,'https://pub-6a9212c9ed20436aa578f417b4b6a585.r2.dev/chapters/20/e72f87de-be5d-4ff7-a2cb-1503d0bb4a08-2.jpg',2),(292,'2025-05-28',20,'https://pub-6a9212c9ed20436aa578f417b4b6a585.r2.dev/chapters/20/c14cb848-c544-47ad-bcca-ef4fa5e72d58-3.jpg',3),(293,'2025-05-28',22,'https://pub-6a9212c9ed20436aa578f417b4b6a585.r2.dev/chapters/22/8879ea20-0f66-44b1-980d-e420212c1fba-1.jpg',1),(294,'2025-05-28',22,'https://pub-6a9212c9ed20436aa578f417b4b6a585.r2.dev/chapters/22/63b42e41-28f6-430f-a7b9-04a2a3f5dd41-2.jpg',2),(295,'2025-05-28',22,'https://pub-6a9212c9ed20436aa578f417b4b6a585.r2.dev/chapters/22/c5c87365-52dd-44bf-a79e-a62112c21d3a-3.jpg',3),(296,'2025-05-28',21,'https://pub-6a9212c9ed20436aa578f417b4b6a585.r2.dev/chapters/21/90e2dac3-7782-4399-89a7-ae04fbe448a4-1.jpg',1),(297,'2025-05-28',21,'https://pub-6a9212c9ed20436aa578f417b4b6a585.r2.dev/chapters/21/992a2b37-bdee-4534-a893-2261f76ada3b-2.jpg',2),(298,'2025-05-28',21,'https://pub-6a9212c9ed20436aa578f417b4b6a585.r2.dev/chapters/21/8de45f2c-138f-483f-ad12-137fcb30cf4c-3.jpg',3),(299,'2025-05-28',23,'https://pub-6a9212c9ed20436aa578f417b4b6a585.r2.dev/chapters/23/724c9c47-55db-4057-9986-102a2d863700-1.jpg',1),(300,'2025-05-28',23,'https://pub-6a9212c9ed20436aa578f417b4b6a585.r2.dev/chapters/23/57565867-0f87-4993-b0ca-186977ef9b0c-2.jpg',2),(301,'2025-05-28',23,'https://pub-6a9212c9ed20436aa578f417b4b6a585.r2.dev/chapters/23/22e88026-19bb-46f7-8340-fa81a42172b1-3.jpg',3),(302,'2025-05-28',24,'https://pub-6a9212c9ed20436aa578f417b4b6a585.r2.dev/chapters/24/b34eff66-f23d-4428-9257-7423e197d8e5-1.jpg',1),(303,'2025-05-28',24,'https://pub-6a9212c9ed20436aa578f417b4b6a585.r2.dev/chapters/24/22a90fde-f393-4a15-91d1-3e849a666b77-2.jpg',2),(304,'2025-05-28',24,'https://pub-6a9212c9ed20436aa578f417b4b6a585.r2.dev/chapters/24/b720a08a-9bbc-4421-b620-afcb3fc2563a-3.jpg',3),(305,'2025-05-28',25,'https://pub-6a9212c9ed20436aa578f417b4b6a585.r2.dev/chapters/25/657475f9-b8ce-4d84-9408-e101f076659e-1.jpg',1),(306,'2025-05-28',25,'https://pub-6a9212c9ed20436aa578f417b4b6a585.r2.dev/chapters/25/a1c6862c-69d7-4fbc-81e7-d12929464ea1-2.jpg',2),(307,'2025-05-28',25,'https://pub-6a9212c9ed20436aa578f417b4b6a585.r2.dev/chapters/25/b12aba5f-5a73-42f1-8b01-6584134dc73c-3.jpg',3),(308,'2025-05-28',26,'https://pub-6a9212c9ed20436aa578f417b4b6a585.r2.dev/chapters/26/85a2ac0b-243f-4ca4-9e73-0e5c776d731b-1.jpg',1),(309,'2025-05-28',26,'https://pub-6a9212c9ed20436aa578f417b4b6a585.r2.dev/chapters/26/55107a4a-57b8-4de8-a7d2-e3a20351235b-2.jpg',2),(310,'2025-05-28',26,'https://pub-6a9212c9ed20436aa578f417b4b6a585.r2.dev/chapters/26/63a08314-642e-4331-b5cb-f2348650078a-3.jpg',3),(311,'2025-05-28',28,'https://pub-6a9212c9ed20436aa578f417b4b6a585.r2.dev/chapters/28/4a64260f-5007-4561-ab21-998a7e3e1be1-1.jpg',1),(312,'2025-05-28',28,'https://pub-6a9212c9ed20436aa578f417b4b6a585.r2.dev/chapters/28/757c99d4-d786-4663-82bb-b26555c5b140-2.jpg',2),(313,'2025-05-28',28,'https://pub-6a9212c9ed20436aa578f417b4b6a585.r2.dev/chapters/28/f5e019bb-40d6-46c5-bb86-b7455175de98-3.jpg',3),(314,'2025-05-28',27,'https://pub-6a9212c9ed20436aa578f417b4b6a585.r2.dev/chapters/27/6a3d1f8b-c4f9-4372-83f1-9ef505f5b9a0-1.jpg',1),(315,'2025-05-28',27,'https://pub-6a9212c9ed20436aa578f417b4b6a585.r2.dev/chapters/27/74d48074-cf55-441d-9281-d05b09b56590-2.jpg',2),(316,'2025-05-28',27,'https://pub-6a9212c9ed20436aa578f417b4b6a585.r2.dev/chapters/27/d44eebe5-0c20-4490-b732-1e66716fe57f-3.jpg',3),(317,'2025-05-28',30,'https://pub-6a9212c9ed20436aa578f417b4b6a585.r2.dev/chapters/30/988f1a87-cc81-41cc-99dc-4f063fe11c82-1.jpg',1),(318,'2025-05-28',30,'https://pub-6a9212c9ed20436aa578f417b4b6a585.r2.dev/chapters/30/fc5f2d59-9cbb-4d05-a80d-b19baefc6df4-2.jpg',2),(319,'2025-05-28',30,'https://pub-6a9212c9ed20436aa578f417b4b6a585.r2.dev/chapters/30/5b04fe23-4ebc-4013-bb3c-697bd7224aee-3.jpg',3),(320,'2025-05-28',29,'https://pub-6a9212c9ed20436aa578f417b4b6a585.r2.dev/chapters/29/f5512b30-b4f6-48b5-8b2c-78b5b8fa23ad-1.jpg',1),(321,'2025-05-28',29,'https://pub-6a9212c9ed20436aa578f417b4b6a585.r2.dev/chapters/29/5bd40f6e-b874-4ad1-89d8-58542589e862-2.jpg',2),(322,'2025-05-28',29,'https://pub-6a9212c9ed20436aa578f417b4b6a585.r2.dev/chapters/29/fb36a381-31af-45d6-9a8c-654bd79eb6de-3.jpg',3),(323,'2025-05-28',32,'https://pub-6a9212c9ed20436aa578f417b4b6a585.r2.dev/chapters/32/dfaabaa9-952e-48c1-90db-f3de831d38db-1.jpg',1),(324,'2025-05-28',32,'https://pub-6a9212c9ed20436aa578f417b4b6a585.r2.dev/chapters/32/c4a7c0b6-d133-4a41-9663-b0ae8ba7c8b5-2.jpg',2),(325,'2025-05-28',32,'https://pub-6a9212c9ed20436aa578f417b4b6a585.r2.dev/chapters/32/33c8b855-1ef5-4afc-a507-97afec3a1e56-3.jpg',3),(326,'2025-05-28',31,'https://pub-6a9212c9ed20436aa578f417b4b6a585.r2.dev/chapters/31/3e9a61d7-01b1-42ae-a67e-69ad4f88a0ea-1.jpg',1),(327,'2025-05-28',31,'https://pub-6a9212c9ed20436aa578f417b4b6a585.r2.dev/chapters/31/a70dd9e1-c87b-4c3b-ae15-a7404c4b305c-2.jpg',2),(328,'2025-05-28',31,'https://pub-6a9212c9ed20436aa578f417b4b6a585.r2.dev/chapters/31/9c2501de-ec35-475d-9c21-90b18b1f44aa-3.jpg',3),(329,'2025-05-28',33,'https://pub-6a9212c9ed20436aa578f417b4b6a585.r2.dev/chapters/33/d7d44484-d111-45fb-8391-207cb5df1c8a-1.jpg',1),(330,'2025-05-28',33,'https://pub-6a9212c9ed20436aa578f417b4b6a585.r2.dev/chapters/33/46081f1c-5be6-4abe-a012-f88c7b5ddbbb-2.jpg',2),(331,'2025-05-28',33,'https://pub-6a9212c9ed20436aa578f417b4b6a585.r2.dev/chapters/33/5712bd19-00a8-42b0-a45c-e11d5aa9412c-3.jpg',3),(332,'2025-05-28',34,'https://pub-6a9212c9ed20436aa578f417b4b6a585.r2.dev/chapters/34/02100e90-2cd3-48f6-a0bb-34d49f46b652-1.jpg',1),(333,'2025-05-28',34,'https://pub-6a9212c9ed20436aa578f417b4b6a585.r2.dev/chapters/34/3ba8ab4e-2ef7-4acd-91d7-8d59e21530ed-2.jpg',2),(334,'2025-05-28',34,'https://pub-6a9212c9ed20436aa578f417b4b6a585.r2.dev/chapters/34/186f3ffe-7a9d-48ab-8e77-1fbeeb38ddd6-3.jpg',3),(335,'2025-05-28',35,'https://pub-6a9212c9ed20436aa578f417b4b6a585.r2.dev/chapters/35/5944ffdc-7560-4afc-ac9e-dcb7d8ac0a5a-1.jpg',1),(336,'2025-05-28',35,'https://pub-6a9212c9ed20436aa578f417b4b6a585.r2.dev/chapters/35/07526a8d-23cd-4b1f-bcdc-256ca614ceff-2.jpg',2),(337,'2025-05-28',35,'https://pub-6a9212c9ed20436aa578f417b4b6a585.r2.dev/chapters/35/75554719-49e9-471f-8283-fb6aa442e15a-3.jpg',3),(338,'2025-05-28',36,'https://pub-6a9212c9ed20436aa578f417b4b6a585.r2.dev/chapters/36/8f8e3f0d-6f3b-4ca4-ae8c-ae399d5c92e4-1.jpg',1),(339,'2025-05-28',36,'https://pub-6a9212c9ed20436aa578f417b4b6a585.r2.dev/chapters/36/13f90fe6-91d4-4749-b1fc-dd70a113021e-2.jpg',2),(340,'2025-05-28',36,'https://pub-6a9212c9ed20436aa578f417b4b6a585.r2.dev/chapters/36/edf13c41-b091-4ad8-91a1-9e49fab1973f-3.jpg',3),(341,'2025-05-28',37,'https://pub-6a9212c9ed20436aa578f417b4b6a585.r2.dev/chapters/37/b9493cda-b219-4d5e-a011-1a103ab032e3-1.jpg',1),(342,'2025-05-28',37,'https://pub-6a9212c9ed20436aa578f417b4b6a585.r2.dev/chapters/37/e42ee06d-71bd-44a4-82f7-cacec182672c-2.jpg',2),(343,'2025-05-28',37,'https://pub-6a9212c9ed20436aa578f417b4b6a585.r2.dev/chapters/37/184b5d9f-88bd-416a-818b-55ada1daf41c-3.jpg',3),(344,'2025-05-28',37,'https://pub-6a9212c9ed20436aa578f417b4b6a585.r2.dev/chapters/37/13baae5e-6687-4140-96e8-56bcd8b49b61-4.jpg',4),(345,'2025-05-28',37,'https://pub-6a9212c9ed20436aa578f417b4b6a585.r2.dev/chapters/37/1770ae74-6c25-4686-b700-f22dbae53f6f-5.jpg',5),(346,'2025-05-28',37,'https://pub-6a9212c9ed20436aa578f417b4b6a585.r2.dev/chapters/37/014a66a5-beae-4395-8121-3c6e2e690181-6.jpg',6),(347,'2025-05-28',37,'https://pub-6a9212c9ed20436aa578f417b4b6a585.r2.dev/chapters/37/27f30742-5b17-457c-b90c-d43f0db80654-7.jpg',7),(348,'2025-05-28',37,'https://pub-6a9212c9ed20436aa578f417b4b6a585.r2.dev/chapters/37/f0c77b7b-da08-487c-9644-fe7874e039bd-8.jpg',8),(349,'2025-05-28',37,'https://pub-6a9212c9ed20436aa578f417b4b6a585.r2.dev/chapters/37/44860e2c-f65f-48d1-b794-d5841a545d59-9.jpg',9),(350,'2025-05-28',37,'https://pub-6a9212c9ed20436aa578f417b4b6a585.r2.dev/chapters/37/76befd7e-6a02-4264-8286-6432f187ae66-10.jpg',10),(351,'2025-05-28',37,'https://pub-6a9212c9ed20436aa578f417b4b6a585.r2.dev/chapters/37/839882f8-586c-4574-a3d5-d5ef8abc2abd-11.jpg',11),(352,'2025-05-28',37,'https://pub-6a9212c9ed20436aa578f417b4b6a585.r2.dev/chapters/37/7f3a7f6c-1f68-4dc7-85d0-0a71b182d04e-12.jpg',12),(353,'2025-05-28',37,'https://pub-6a9212c9ed20436aa578f417b4b6a585.r2.dev/chapters/37/81027cb1-0378-4791-bd92-149acf5771b0-13.jpg',13),(354,'2025-05-28',37,'https://pub-6a9212c9ed20436aa578f417b4b6a585.r2.dev/chapters/37/768737c8-aaf0-4d86-bde6-589d7547279c-14.jpg',14),(355,'2025-05-28',37,'https://pub-6a9212c9ed20436aa578f417b4b6a585.r2.dev/chapters/37/58f9a1de-6d66-4301-b051-9ed8d0d09dde-15.jpg',15),(356,'2025-05-28',37,'https://pub-6a9212c9ed20436aa578f417b4b6a585.r2.dev/chapters/37/a954f924-6bea-45fd-9ed8-22dc0ac61770-16.jpg',16),(357,'2025-05-28',37,'https://pub-6a9212c9ed20436aa578f417b4b6a585.r2.dev/chapters/37/8da16c6c-c144-46b4-a7a6-12d96ac858b7-17.jpg',17),(358,'2025-05-28',38,'https://pub-6a9212c9ed20436aa578f417b4b6a585.r2.dev/chapters/38/799c9b56-eb19-47dd-a039-b10d5e2dc1e9-1.jpg',1),(359,'2025-05-28',38,'https://pub-6a9212c9ed20436aa578f417b4b6a585.r2.dev/chapters/38/d32f4b15-5be7-48e7-983c-40dbaaab67da-2.jpg',2),(360,'2025-05-28',38,'https://pub-6a9212c9ed20436aa578f417b4b6a585.r2.dev/chapters/38/17946d0e-0a6a-4e52-9e55-10670142fa36-3.jpg',3),(361,'2025-05-28',38,'https://pub-6a9212c9ed20436aa578f417b4b6a585.r2.dev/chapters/38/c86dcbdf-c374-4fa2-97e9-a8a5233b2cfc-4.jpg',4),(362,'2025-05-28',38,'https://pub-6a9212c9ed20436aa578f417b4b6a585.r2.dev/chapters/38/24e9fc8c-1f5a-4509-a337-69ca33348b20-5.jpg',5),(363,'2025-05-28',38,'https://pub-6a9212c9ed20436aa578f417b4b6a585.r2.dev/chapters/38/e1ef6bd1-4a28-429d-90e3-f6fbdbc0a1c3-6.jpg',6),(364,'2025-05-28',38,'https://pub-6a9212c9ed20436aa578f417b4b6a585.r2.dev/chapters/38/81395199-2094-4bf7-848d-65470f22be50-7.jpg',7),(365,'2025-05-28',38,'https://pub-6a9212c9ed20436aa578f417b4b6a585.r2.dev/chapters/38/6553d3e5-6dd9-4649-8857-35979d2ca928-8.jpg',8),(366,'2025-05-28',38,'https://pub-6a9212c9ed20436aa578f417b4b6a585.r2.dev/chapters/38/dac7f7ad-115d-4659-be1c-f1a9053b0e25-9.jpg',9),(367,'2025-05-28',38,'https://pub-6a9212c9ed20436aa578f417b4b6a585.r2.dev/chapters/38/b1862af9-f283-4017-a69b-23b1b02c3f77-10.jpg',10),(368,'2025-05-28',38,'https://pub-6a9212c9ed20436aa578f417b4b6a585.r2.dev/chapters/38/ffcde017-a1d6-4f8a-a741-82131ac82674-11.jpg',11),(369,'2025-05-28',38,'https://pub-6a9212c9ed20436aa578f417b4b6a585.r2.dev/chapters/38/430ef45e-2d3d-4fe3-931e-a3884684197d-12.jpg',12),(370,'2025-05-28',38,'https://pub-6a9212c9ed20436aa578f417b4b6a585.r2.dev/chapters/38/86934aba-332b-4b16-af95-3f5ff0b65a7e-13.jpg',13),(371,'2025-05-28',38,'https://pub-6a9212c9ed20436aa578f417b4b6a585.r2.dev/chapters/38/56f0e8cd-d70c-466b-b842-1e6376723e19-14.jpg',14),(372,'2025-05-28',38,'https://pub-6a9212c9ed20436aa578f417b4b6a585.r2.dev/chapters/38/c73aed94-48a7-4707-9d71-b2713f08f592-15.jpg',15),(373,'2025-05-28',38,'https://pub-6a9212c9ed20436aa578f417b4b6a585.r2.dev/chapters/38/a7a08249-5ca2-480d-af8d-329cc7f0afb6-16.jpg',16),(374,'2025-05-28',38,'https://pub-6a9212c9ed20436aa578f417b4b6a585.r2.dev/chapters/38/68b4f59f-6df1-43ed-8410-7c2d047c7895-17.jpg',17),(375,'2025-05-28',38,'https://pub-6a9212c9ed20436aa578f417b4b6a585.r2.dev/chapters/38/bd9b274d-162f-4aa2-b29e-8e049ed3864c-18.jpg',18),(376,'2025-05-28',38,'https://pub-6a9212c9ed20436aa578f417b4b6a585.r2.dev/chapters/38/0bb05f18-e628-4964-b94f-8962c0b1213f-19.jpg',19),(377,'2025-05-28',38,'https://pub-6a9212c9ed20436aa578f417b4b6a585.r2.dev/chapters/38/64d554d0-a8f2-449a-9f3a-20a4b854e1bf-20.jpg',20),(378,'2025-05-28',38,'https://pub-6a9212c9ed20436aa578f417b4b6a585.r2.dev/chapters/38/376da87b-2f0a-4f00-a0eb-b852975e879a-21.jpg',21),(379,'2025-05-28',38,'https://pub-6a9212c9ed20436aa578f417b4b6a585.r2.dev/chapters/38/9f21e073-6980-417e-aef6-a18a2f33e2c5-22.jpg',22),(380,'2025-05-28',38,'https://pub-6a9212c9ed20436aa578f417b4b6a585.r2.dev/chapters/38/900bd01b-a096-43a3-949c-471af366f7f1-23.jpg',23),(381,'2025-05-28',38,'https://pub-6a9212c9ed20436aa578f417b4b6a585.r2.dev/chapters/38/791e5c16-386c-4651-ad52-7fe7aa459268-24.jpg',24),(382,'2025-05-28',38,'https://pub-6a9212c9ed20436aa578f417b4b6a585.r2.dev/chapters/38/e4aa56da-1cd2-43c6-a89c-6aa67229b1fd-25.jpg',25),(383,'2025-05-28',38,'https://pub-6a9212c9ed20436aa578f417b4b6a585.r2.dev/chapters/38/a5b1314d-cfbe-4a24-ba0e-d2225ce4246b-26.jpg',26),(384,'2025-05-28',38,'https://pub-6a9212c9ed20436aa578f417b4b6a585.r2.dev/chapters/38/3b008f05-777a-438c-bd4d-923ea8c6471e-27.jpg',27),(385,'2025-05-28',38,'https://pub-6a9212c9ed20436aa578f417b4b6a585.r2.dev/chapters/38/0c0db511-08d7-493b-ad5c-17a724733ba6-28.jpg',28),(386,'2025-05-28',38,'https://pub-6a9212c9ed20436aa578f417b4b6a585.r2.dev/chapters/38/baa496e0-c66a-4e4b-9035-39b5150be2f9-29.jpg',29),(387,'2025-05-28',39,'https://pub-6a9212c9ed20436aa578f417b4b6a585.r2.dev/chapters/39/3e74df7a-4dcc-4056-8aac-016c80cdf69f-1.jpg',1),(388,'2025-05-28',39,'https://pub-6a9212c9ed20436aa578f417b4b6a585.r2.dev/chapters/39/b9a35480-9de1-4a5c-bce3-3436907f237c-2.jpg',2),(389,'2025-05-28',39,'https://pub-6a9212c9ed20436aa578f417b4b6a585.r2.dev/chapters/39/336ebd4a-7994-414e-995d-b67613f4717c-3.jpg',3),(390,'2025-05-28',39,'https://pub-6a9212c9ed20436aa578f417b4b6a585.r2.dev/chapters/39/108e0e8b-0a0d-4996-bc00-48c8cb28da38-4.jpg',4),(391,'2025-05-28',39,'https://pub-6a9212c9ed20436aa578f417b4b6a585.r2.dev/chapters/39/da7aa8db-68c9-4dc3-b810-1c0d126e560b-5.jpg',5),(392,'2025-05-28',39,'https://pub-6a9212c9ed20436aa578f417b4b6a585.r2.dev/chapters/39/6bf72375-85f8-41fc-b655-5a8f95019df4-6.jpg',6),(393,'2025-05-28',39,'https://pub-6a9212c9ed20436aa578f417b4b6a585.r2.dev/chapters/39/f60fc473-1b90-43fb-8fc6-a7911e530d5c-7.jpg',7),(394,'2025-05-28',39,'https://pub-6a9212c9ed20436aa578f417b4b6a585.r2.dev/chapters/39/e93e959d-1b71-4c19-bd61-a536fd9aa386-8.jpg',8),(395,'2025-05-28',39,'https://pub-6a9212c9ed20436aa578f417b4b6a585.r2.dev/chapters/39/a25209d8-ea97-4db2-bb53-d6729b0562f3-9.jpg',9),(396,'2025-05-28',39,'https://pub-6a9212c9ed20436aa578f417b4b6a585.r2.dev/chapters/39/53d00c02-c908-46b7-b689-2ccb150421c1-10.jpg',10),(397,'2025-05-28',39,'https://pub-6a9212c9ed20436aa578f417b4b6a585.r2.dev/chapters/39/c79661d5-a7ac-4397-9750-1f99150862e8-11.jpg',11),(398,'2025-05-28',39,'https://pub-6a9212c9ed20436aa578f417b4b6a585.r2.dev/chapters/39/a2207f03-8262-495c-8528-bd8da8f835c3-12.jpg',12),(399,'2025-05-28',39,'https://pub-6a9212c9ed20436aa578f417b4b6a585.r2.dev/chapters/39/f593065a-7151-4587-9491-7474b6c6c0d1-13.jpg',13),(400,'2025-05-28',39,'https://pub-6a9212c9ed20436aa578f417b4b6a585.r2.dev/chapters/39/b283b77d-6e0f-42d1-861b-4013cd5a50a7-14.jpg',14),(401,'2025-05-28',39,'https://pub-6a9212c9ed20436aa578f417b4b6a585.r2.dev/chapters/39/ecc466f6-ff2c-4374-a973-4e9f9ee37886-15.jpg',15),(402,'2025-05-28',39,'https://pub-6a9212c9ed20436aa578f417b4b6a585.r2.dev/chapters/39/b2465d92-543c-4bd0-8fd1-b5ec2b1e81d2-16.jpg',16),(403,'2025-05-28',39,'https://pub-6a9212c9ed20436aa578f417b4b6a585.r2.dev/chapters/39/ff0fcbde-adf7-4063-8593-654b2368931a-17.jpg',17),(404,'2025-05-28',40,'https://pub-6a9212c9ed20436aa578f417b4b6a585.r2.dev/chapters/40/6ad29657-2312-40b6-bd07-0e9771e2d05e-1.jpg',1),(405,'2025-05-28',40,'https://pub-6a9212c9ed20436aa578f417b4b6a585.r2.dev/chapters/40/6e21bba9-a85b-4587-8ee9-a86e10a25e22-2.jpg',2),(406,'2025-05-28',40,'https://pub-6a9212c9ed20436aa578f417b4b6a585.r2.dev/chapters/40/495218ef-2844-4e9e-8542-3b53281e4356-3.jpg',3),(407,'2025-05-28',41,'https://pub-6a9212c9ed20436aa578f417b4b6a585.r2.dev/chapters/41/fe8186fe-5a98-4018-8609-b00144dc9c2a-1.jpg',1),(408,'2025-05-28',41,'https://pub-6a9212c9ed20436aa578f417b4b6a585.r2.dev/chapters/41/4822f281-10c4-4af5-9443-705aec8be27f-2.jpg',2),(409,'2025-05-28',41,'https://pub-6a9212c9ed20436aa578f417b4b6a585.r2.dev/chapters/41/ab07923b-5fa0-4031-903c-6caeb84a9a84-3.jpg',3),(410,'2025-05-28',41,'https://pub-6a9212c9ed20436aa578f417b4b6a585.r2.dev/chapters/41/3f90068a-6a79-418a-8c01-b70b4b41eb09-4.jpg',4),(411,'2025-05-28',41,'https://pub-6a9212c9ed20436aa578f417b4b6a585.r2.dev/chapters/41/05e2262e-858c-44c4-8b6e-8bdd1e4e0b89-5.jpg',5),(412,'2025-05-28',41,'https://pub-6a9212c9ed20436aa578f417b4b6a585.r2.dev/chapters/41/03064998-e49d-4632-bc26-dfacae42ada6-6.jpg',6),(413,'2025-05-28',41,'https://pub-6a9212c9ed20436aa578f417b4b6a585.r2.dev/chapters/41/05be4bf3-1f20-490e-a975-e0d5c68ecff3-7.jpg',7),(414,'2025-05-28',41,'https://pub-6a9212c9ed20436aa578f417b4b6a585.r2.dev/chapters/41/acb3943a-2433-443e-ac6d-81cb7db48632-8.jpg',8),(415,'2025-05-28',41,'https://pub-6a9212c9ed20436aa578f417b4b6a585.r2.dev/chapters/41/d2820259-da80-4d06-ab9a-3010d5c218c3-9.jpg',9),(416,'2025-05-28',41,'https://pub-6a9212c9ed20436aa578f417b4b6a585.r2.dev/chapters/41/b32f18cc-dca5-46f9-9b8f-a7bd7b160978-10.jpg',10),(417,'2025-05-28',41,'https://pub-6a9212c9ed20436aa578f417b4b6a585.r2.dev/chapters/41/17a1d8f5-fa9e-4da3-9422-69222b99303c-11.jpg',11),(418,'2025-05-28',41,'https://pub-6a9212c9ed20436aa578f417b4b6a585.r2.dev/chapters/41/75e60002-39d3-4b0b-9844-73c7cff2d392-12.jpg',12),(419,'2025-05-28',41,'https://pub-6a9212c9ed20436aa578f417b4b6a585.r2.dev/chapters/41/20787fdc-045f-44d2-9b93-23ab7e4e9d01-13.jpg',13),(420,'2025-05-28',41,'https://pub-6a9212c9ed20436aa578f417b4b6a585.r2.dev/chapters/41/d057747e-7e5d-407b-ac1c-6c33011dfacc-14.jpg',14),(421,'2025-05-28',41,'https://pub-6a9212c9ed20436aa578f417b4b6a585.r2.dev/chapters/41/374784a3-e629-4263-a11c-b2270c76e0b0-15.jpg',15),(422,'2025-05-28',41,'https://pub-6a9212c9ed20436aa578f417b4b6a585.r2.dev/chapters/41/e5221101-5491-45cf-b639-966b00aef683-16.jpg',16),(423,'2025-05-28',41,'https://pub-6a9212c9ed20436aa578f417b4b6a585.r2.dev/chapters/41/7731662b-bd50-4001-adf2-3eb57244e506-17.jpg',17),(424,'2025-05-28',42,'https://pub-6a9212c9ed20436aa578f417b4b6a585.r2.dev/chapters/42/1bcffbe3-d54c-46de-a8f6-0773e90e616d-1.jpg',1),(425,'2025-05-28',42,'https://pub-6a9212c9ed20436aa578f417b4b6a585.r2.dev/chapters/42/37813fda-0a55-412e-a72d-5ea5af78b6c7-2.jpg',2),(426,'2025-05-28',42,'https://pub-6a9212c9ed20436aa578f417b4b6a585.r2.dev/chapters/42/d63f2f70-2d51-45f7-a4e6-47d704e8092e-3.jpg',3),(427,'2025-05-31',43,'https://pub-6a9212c9ed20436aa578f417b4b6a585.r2.dev/chapters/43/a37e3804-9e13-4901-b8e8-e824e2d010f7-1.jpg',1),(428,'2025-05-31',43,'https://pub-6a9212c9ed20436aa578f417b4b6a585.r2.dev/chapters/43/c732b76a-0861-4c61-8bb9-5d2ce6f1c0f5-2.jpg',2),(429,'2025-05-31',43,'https://pub-6a9212c9ed20436aa578f417b4b6a585.r2.dev/chapters/43/86ec33f6-c84f-4e55-bcb4-e99bb75d4b56-3.jpg',3),(430,'2025-05-31',43,'https://pub-6a9212c9ed20436aa578f417b4b6a585.r2.dev/chapters/43/71466f19-d05f-4851-97f5-fd71f5272488-4.jpg',4),(431,'2025-05-31',43,'https://pub-6a9212c9ed20436aa578f417b4b6a585.r2.dev/chapters/43/cc6894d7-def9-498a-9a5a-5b8fea6e7875-5.jpg',5),(432,'2025-05-31',43,'https://pub-6a9212c9ed20436aa578f417b4b6a585.r2.dev/chapters/43/0ab4edcb-cc0d-45db-9260-87b908c829a1-6.jpg',6),(433,'2025-05-31',43,'https://pub-6a9212c9ed20436aa578f417b4b6a585.r2.dev/chapters/43/77235ae9-9320-459e-b697-12838912ac37-7.jpg',7),(434,'2025-05-31',43,'https://pub-6a9212c9ed20436aa578f417b4b6a585.r2.dev/chapters/43/e35480b4-f262-4736-8b9a-1dd0a6d7ce01-8.jpg',8),(435,'2025-05-31',43,'https://pub-6a9212c9ed20436aa578f417b4b6a585.r2.dev/chapters/43/a720090c-cef4-44f7-80f7-ec3068f0fce3-9.jpg',9),(436,'2025-05-31',43,'https://pub-6a9212c9ed20436aa578f417b4b6a585.r2.dev/chapters/43/77104de7-2186-444f-b2e5-d024eb60bc1e-10.jpg',10),(437,'2025-05-31',43,'https://pub-6a9212c9ed20436aa578f417b4b6a585.r2.dev/chapters/43/49edb3c0-0f6a-4d21-b09c-a25deaa62729-11.jpg',11),(438,'2025-05-31',43,'https://pub-6a9212c9ed20436aa578f417b4b6a585.r2.dev/chapters/43/f1675f8c-4d3e-47de-b229-a72f26805b66-12.jpg',12),(439,'2025-05-31',43,'https://pub-6a9212c9ed20436aa578f417b4b6a585.r2.dev/chapters/43/76d68a0c-51ab-4618-9317-fbab3972d0da-13.jpg',13),(440,'2025-05-31',43,'https://pub-6a9212c9ed20436aa578f417b4b6a585.r2.dev/chapters/43/2fa68927-8586-4698-8fb2-e4dc9ffc11f9-14.jpg',14),(441,'2025-05-31',43,'https://pub-6a9212c9ed20436aa578f417b4b6a585.r2.dev/chapters/43/0b0828b6-15fd-4adf-bac3-49f61e3002c5-15.jpg',15),(442,'2025-05-31',43,'https://pub-6a9212c9ed20436aa578f417b4b6a585.r2.dev/chapters/43/f8c603bb-12d9-440a-b622-d41820c0badd-16.jpg',16),(443,'2025-05-31',43,'https://pub-6a9212c9ed20436aa578f417b4b6a585.r2.dev/chapters/43/483c1bad-c85c-4100-b436-5b6daf0780d8-17.jpg',17),(444,'2025-05-31',44,'https://pub-6a9212c9ed20436aa578f417b4b6a585.r2.dev/chapters/44/6753e3c9-b958-481b-9167-316e0b577edc-1.jpg',1),(445,'2025-05-31',44,'https://pub-6a9212c9ed20436aa578f417b4b6a585.r2.dev/chapters/44/786db270-336d-4716-9b7c-2bf3692a4ec7-2.jpg',2),(446,'2025-05-31',44,'https://pub-6a9212c9ed20436aa578f417b4b6a585.r2.dev/chapters/44/cbb2ca27-9f31-456f-b49a-a9effb008025-3.jpg',3),(447,'2025-05-31',44,'https://pub-6a9212c9ed20436aa578f417b4b6a585.r2.dev/chapters/44/ed8e180d-4edb-4a42-9d2b-969eab9e597f-4.jpg',4),(448,'2025-05-31',44,'https://pub-6a9212c9ed20436aa578f417b4b6a585.r2.dev/chapters/44/e30db631-0bdb-454e-ab43-afbba3c0c72f-5.jpg',5),(449,'2025-05-31',44,'https://pub-6a9212c9ed20436aa578f417b4b6a585.r2.dev/chapters/44/bdfccb34-2392-44ac-996e-a52f7f0c29a7-6.jpg',6),(450,'2025-05-31',44,'https://pub-6a9212c9ed20436aa578f417b4b6a585.r2.dev/chapters/44/e4989ebd-4e54-444d-9d6f-3e5660fedb86-7.jpg',7),(451,'2025-05-31',44,'https://pub-6a9212c9ed20436aa578f417b4b6a585.r2.dev/chapters/44/556e2782-25f2-4910-b6ca-82850a876de5-8.jpg',8),(452,'2025-05-31',44,'https://pub-6a9212c9ed20436aa578f417b4b6a585.r2.dev/chapters/44/0528b8db-1bf3-485d-845a-109ce3a715a3-9.jpg',9),(453,'2025-05-31',44,'https://pub-6a9212c9ed20436aa578f417b4b6a585.r2.dev/chapters/44/8ea90f31-f5be-4cdc-a1f8-5411ec3dc840-10.jpg',10),(454,'2025-05-31',44,'https://pub-6a9212c9ed20436aa578f417b4b6a585.r2.dev/chapters/44/92efdf09-1c42-42b4-b22d-0cddb67e988d-11.jpg',11),(455,'2025-05-31',44,'https://pub-6a9212c9ed20436aa578f417b4b6a585.r2.dev/chapters/44/0c68b3af-02c9-4400-a655-218b68edb012-12.jpg',12),(456,'2025-05-31',44,'https://pub-6a9212c9ed20436aa578f417b4b6a585.r2.dev/chapters/44/4aff9b93-dfb3-441b-81cc-e22a91bae1a7-13.jpg',13),(457,'2025-05-31',44,'https://pub-6a9212c9ed20436aa578f417b4b6a585.r2.dev/chapters/44/8f3e2a11-2a29-42f0-a946-89fee7661e9b-14.jpg',14),(458,'2025-05-31',44,'https://pub-6a9212c9ed20436aa578f417b4b6a585.r2.dev/chapters/44/489a019d-ae94-479b-a17e-a47e453f94cc-15.jpg',15),(459,'2025-05-31',44,'https://pub-6a9212c9ed20436aa578f417b4b6a585.r2.dev/chapters/44/141be702-a2bb-41a1-ba0a-f9b04bfa9d9b-16.jpg',16),(460,'2025-05-31',44,'https://pub-6a9212c9ed20436aa578f417b4b6a585.r2.dev/chapters/44/3beeeebf-c568-4391-abb7-7c6da5704bb4-17.jpg',17),(461,'2025-06-03',46,'https://pub-6a9212c9ed20436aa578f417b4b6a585.r2.dev/chapters/46/4b4b21f2-78f7-41b9-b5ac-ce95691589fd-1.png',1),(462,'2025-06-03',46,'https://pub-6a9212c9ed20436aa578f417b4b6a585.r2.dev/chapters/46/14065960-a6fe-4c38-8570-855400a624a3-2.png',2),(463,'2025-06-03',46,'https://pub-6a9212c9ed20436aa578f417b4b6a585.r2.dev/chapters/46/c7969a39-d04d-440c-bab4-de818f2811e3-3.png',3),(464,'2025-06-03',46,'https://pub-6a9212c9ed20436aa578f417b4b6a585.r2.dev/chapters/46/ed814602-c559-4329-b846-c5473c833540-4.png',4),(465,'2025-06-03',46,'https://pub-6a9212c9ed20436aa578f417b4b6a585.r2.dev/chapters/46/f2e1d2f6-535d-4363-8fc2-5cd6ba275734-5.png',5),(466,'2025-06-03',46,'https://pub-6a9212c9ed20436aa578f417b4b6a585.r2.dev/chapters/46/e502ea52-8cfe-41fe-b795-b15ad3badec4-6.png',6),(467,'2025-06-03',46,'https://pub-6a9212c9ed20436aa578f417b4b6a585.r2.dev/chapters/46/12f0611f-d9a8-4bd8-bfc0-8ffb0844f26b-7.png',7),(468,'2025-06-03',46,'https://pub-6a9212c9ed20436aa578f417b4b6a585.r2.dev/chapters/46/612551df-bf16-417a-a6f7-4385af9b4ac3-8.png',8),(469,'2025-06-03',46,'https://pub-6a9212c9ed20436aa578f417b4b6a585.r2.dev/chapters/46/8007909a-3b89-4748-88a2-4546063ac3bd-9.png',9),(470,'2025-06-03',46,'https://pub-6a9212c9ed20436aa578f417b4b6a585.r2.dev/chapters/46/09b89803-3e14-4682-87ef-693df961f081-10.png',10),(471,'2025-06-03',46,'https://pub-6a9212c9ed20436aa578f417b4b6a585.r2.dev/chapters/46/966ba452-e416-41ab-a305-e48a29e323c5-11.png',11),(472,'2025-06-03',46,'https://pub-6a9212c9ed20436aa578f417b4b6a585.r2.dev/chapters/46/6102abe3-5393-4ceb-a1c1-afd037dd961b-12.png',12),(473,'2025-06-03',46,'https://pub-6a9212c9ed20436aa578f417b4b6a585.r2.dev/chapters/46/f3795275-5226-445b-98aa-0c2410e42aba-13.png',13),(474,'2025-06-03',46,'https://pub-6a9212c9ed20436aa578f417b4b6a585.r2.dev/chapters/46/317f7777-0483-4eb9-8dfb-5592909b75d5-14.png',14),(475,'2025-06-03',46,'https://pub-6a9212c9ed20436aa578f417b4b6a585.r2.dev/chapters/46/cb2dac54-96ab-44f3-965d-47d4920e13f3-15.png',15),(476,'2025-06-03',46,'https://pub-6a9212c9ed20436aa578f417b4b6a585.r2.dev/chapters/46/5733ca90-7e49-4977-91cf-10e139d23ea9-16.png',16),(477,'2025-06-03',46,'https://pub-6a9212c9ed20436aa578f417b4b6a585.r2.dev/chapters/46/d62b51c7-3ab8-4864-b4eb-446eb11cc362-17.png',17),(478,'2025-06-03',46,'https://pub-6a9212c9ed20436aa578f417b4b6a585.r2.dev/chapters/46/8aa12005-f8b2-4ea0-9ef6-5241a092ceb2-18.png',18),(479,'2025-06-03',46,'https://pub-6a9212c9ed20436aa578f417b4b6a585.r2.dev/chapters/46/c036afd3-f823-4c04-9ae2-d52cd291a9eb-19.png',19),(480,'2025-06-03',46,'https://pub-6a9212c9ed20436aa578f417b4b6a585.r2.dev/chapters/46/8356a612-017e-48ca-8b4a-23d69322fc3f-20.png',20),(481,'2025-06-03',46,'https://pub-6a9212c9ed20436aa578f417b4b6a585.r2.dev/chapters/46/ef0730d8-35e4-40a0-adef-57a91fb6a7e1-21.png',21),(482,'2025-06-03',46,'https://pub-6a9212c9ed20436aa578f417b4b6a585.r2.dev/chapters/46/b3dc4f22-82f4-4333-8c7f-beadb477291a-22.png',22),(483,'2025-06-03',46,'https://pub-6a9212c9ed20436aa578f417b4b6a585.r2.dev/chapters/46/77be7300-8459-4990-8add-f6d0e649c261-23.png',23),(484,'2025-06-03',46,'https://pub-6a9212c9ed20436aa578f417b4b6a585.r2.dev/chapters/46/68bd3999-cddb-400b-b7aa-d2d31e0e0849-24.png',24),(485,'2025-06-03',46,'https://pub-6a9212c9ed20436aa578f417b4b6a585.r2.dev/chapters/46/928ff24e-ac0e-42cd-94ef-42496d6c6d56-25.png',25),(486,'2025-06-03',46,'https://pub-6a9212c9ed20436aa578f417b4b6a585.r2.dev/chapters/46/d3ee633f-d354-45d2-8c62-d3a188e1e33f-26.png',26),(487,'2025-08-31',47,'https://pub-6a9212c9ed20436aa578f417b4b6a585.r2.dev/chapters/47/bf54939f-4e3c-44ee-9489-d49e67beba20-1.jpg',1),(488,'2025-08-31',47,'https://pub-6a9212c9ed20436aa578f417b4b6a585.r2.dev/chapters/47/ee92b3fd-f26d-4301-8f7c-142c360c9d26-2.jpg',2),(489,'2025-08-31',47,'https://pub-6a9212c9ed20436aa578f417b4b6a585.r2.dev/chapters/47/a0ccf80f-3137-43ab-8edf-19c9b22c2fb9-3.jpg',3),(490,'2025-08-31',47,'https://pub-6a9212c9ed20436aa578f417b4b6a585.r2.dev/chapters/47/a6325ab2-9fcc-4a22-b3cf-07a1d4f4522c-4.jpg',4),(491,'2025-08-31',47,'https://pub-6a9212c9ed20436aa578f417b4b6a585.r2.dev/chapters/47/b1537441-6faf-4c1c-b008-cea106f19de7-5.jpg',5),(492,'2025-08-31',47,'https://pub-6a9212c9ed20436aa578f417b4b6a585.r2.dev/chapters/47/b90154c9-d125-422a-8522-f69bdb0958be-6.jpg',6),(493,'2025-08-31',47,'https://pub-6a9212c9ed20436aa578f417b4b6a585.r2.dev/chapters/47/fafd599f-3aa7-4f10-8df8-138ba4aa9845-7.jpg',7),(494,'2025-08-31',47,'https://pub-6a9212c9ed20436aa578f417b4b6a585.r2.dev/chapters/47/167ce141-261e-4490-9c3d-5492a71ca87c-8.jpg',8),(495,'2025-08-31',47,'https://pub-6a9212c9ed20436aa578f417b4b6a585.r2.dev/chapters/47/170e8b8e-a0ac-409f-92b5-d297ea034f59-9.jpg',9),(496,'2025-08-31',47,'https://pub-6a9212c9ed20436aa578f417b4b6a585.r2.dev/chapters/47/b9bff249-a98c-4351-8ae2-937604dc0519-10.jpg',10),(497,'2025-08-31',47,'https://pub-6a9212c9ed20436aa578f417b4b6a585.r2.dev/chapters/47/782f8189-ccfd-415d-b5af-57a8321449a6-11.jpg',11),(498,'2025-08-31',47,'https://pub-6a9212c9ed20436aa578f417b4b6a585.r2.dev/chapters/47/688bad7c-87f4-4664-80c3-d1e072d11cd4-12.jpg',12),(499,'2025-08-31',47,'https://pub-6a9212c9ed20436aa578f417b4b6a585.r2.dev/chapters/47/34fac467-02ca-407b-9267-20b7ff64128f-13.jpg',13),(500,'2025-08-31',47,'https://pub-6a9212c9ed20436aa578f417b4b6a585.r2.dev/chapters/47/a71330d2-a5cf-4828-bec1-354253fb8842-14.jpg',14),(501,'2025-08-31',47,'https://pub-6a9212c9ed20436aa578f417b4b6a585.r2.dev/chapters/47/209a80f0-f566-4df9-ac76-d36124eb45df-15.jpg',15),(502,'2025-08-31',47,'https://pub-6a9212c9ed20436aa578f417b4b6a585.r2.dev/chapters/47/ac910e4b-8ef7-40b2-a93a-0e663dd7c0e0-16.jpg',16),(503,'2025-08-31',47,'https://pub-6a9212c9ed20436aa578f417b4b6a585.r2.dev/chapters/47/b7707e0d-418f-453e-8a2c-e8b4456a9ea4-17.jpg',17),(504,'2025-08-31',47,'https://pub-6a9212c9ed20436aa578f417b4b6a585.r2.dev/chapters/47/647f0879-3bd9-4309-b69c-205c2c799315-18.jpg',18),(505,'2025-08-31',47,'https://pub-6a9212c9ed20436aa578f417b4b6a585.r2.dev/chapters/47/fdf19496-6349-4136-9f1a-7de72fbb17e6-19.jpg',19),(506,'2025-08-31',47,'https://pub-6a9212c9ed20436aa578f417b4b6a585.r2.dev/chapters/47/3a101b49-dc8f-4b10-8834-ac8d8770c0c2-20.jpg',20),(507,'2025-08-31',47,'https://pub-6a9212c9ed20436aa578f417b4b6a585.r2.dev/chapters/47/23a4cf72-604f-4ca0-8f1c-1b4e6ffe73c9-21.jpg',21),(508,'2025-08-31',47,'https://pub-6a9212c9ed20436aa578f417b4b6a585.r2.dev/chapters/47/d3a70dd5-c7f5-44c7-afc7-46785c7c9bfa-22.jpg',22),(509,'2025-08-31',47,'https://pub-6a9212c9ed20436aa578f417b4b6a585.r2.dev/chapters/47/7e387b46-b73e-451f-beea-2d26200552f3-23.jpg',23),(510,'2025-08-31',47,'https://pub-6a9212c9ed20436aa578f417b4b6a585.r2.dev/chapters/47/60e7f5b5-23d8-445e-8c2d-8c16af51cf6d-24.jpg',24),(511,'2025-08-31',47,'https://pub-6a9212c9ed20436aa578f417b4b6a585.r2.dev/chapters/47/8e113890-a611-4102-982a-d7c02f47c14d-25.jpg',25),(512,'2025-08-31',47,'https://pub-6a9212c9ed20436aa578f417b4b6a585.r2.dev/chapters/47/3eb28874-7013-48de-90f9-91e6a231a4ea-26.jpg',26),(513,'2025-08-31',47,'https://pub-6a9212c9ed20436aa578f417b4b6a585.r2.dev/chapters/47/31d21f83-0b5a-4531-a094-73a4bd6f6610-27.jpg',27),(514,'2025-08-31',47,'https://pub-6a9212c9ed20436aa578f417b4b6a585.r2.dev/chapters/47/41a381c8-e3c7-4f84-964a-2b490d01a11b-28.jpg',28),(515,'2025-08-31',47,'https://pub-6a9212c9ed20436aa578f417b4b6a585.r2.dev/chapters/47/e88b166d-f02d-4762-931e-c57559c63c96-29.jpg',29);
/*!40000 ALTER TABLE `image_chapter` ENABLE KEYS */;
UNLOCK TABLES;

--
-- Table structure for table `report`
--

DROP TABLE IF EXISTS `report`;
/*!40101 SET @saved_cs_client     = @@character_set_client */;
/*!40101 SET character_set_client = utf8 */;
CREATE TABLE `report` (
  `id` int(11) NOT NULL AUTO_INCREMENT,
  `ngay_tao` date DEFAULT NULL,
  `id_comic` int(11) DEFAULT NULL,
  `id_user` int(11) DEFAULT NULL,
  `ly_do` text DEFAULT NULL,
  `trang_thai` varchar(255) DEFAULT NULL,
  PRIMARY KEY (`id`),
  KEY `FK2wd17pn307hksj7jhgqn6f1vl` (`id_comic`),
  KEY `FKt17ym5dq6uv55vefy371dovcm` (`id_user`),
  CONSTRAINT `FK2wd17pn307hksj7jhgqn6f1vl` FOREIGN KEY (`id_comic`) REFERENCES `comics` (`id`),
  CONSTRAINT `FKt17ym5dq6uv55vefy371dovcm` FOREIGN KEY (`id_user`) REFERENCES `users` (`id`)
) ENGINE=InnoDB DEFAULT CHARSET=utf8mb4 COLLATE=utf8mb4_unicode_ci;
/*!40101 SET character_set_client = @saved_cs_client */;

--
-- Dumping data for table `report`
--

LOCK TABLES `report` WRITE;
/*!40000 ALTER TABLE `report` DISABLE KEYS */;
/*!40000 ALTER TABLE `report` ENABLE KEYS */;
UNLOCK TABLES;

--
-- Table structure for table `role`
--

DROP TABLE IF EXISTS `role`;
/*!40101 SET @saved_cs_client     = @@character_set_client */;
/*!40101 SET character_set_client = utf8 */;
CREATE TABLE `role` (
  `id` int(11) NOT NULL AUTO_INCREMENT,
  `ngay_tao` date DEFAULT NULL,
  `role_name` varchar(255) DEFAULT NULL,
  `trang_thai` bit(1) DEFAULT NULL,
  PRIMARY KEY (`id`)
) ENGINE=InnoDB AUTO_INCREMENT=5 DEFAULT CHARSET=utf8mb4 COLLATE=utf8mb4_unicode_ci;
/*!40101 SET character_set_client = @saved_cs_client */;

--
-- Dumping data for table `role`
--

LOCK TABLES `role` WRITE;
/*!40000 ALTER TABLE `role` DISABLE KEYS */;
INSERT INTO `role` VALUES (1,'2025-04-07','ADMIN',''),(2,'2025-04-07','CHUTUT',''),(3,'2025-04-07','DOCGIA',''),(4,'2025-04-07','BAN','\0');
/*!40000 ALTER TABLE `role` ENABLE KEYS */;
UNLOCK TABLES;

--
-- Table structure for table `tac_gia`
--

DROP TABLE IF EXISTS `tac_gia`;
/*!40101 SET @saved_cs_client     = @@character_set_client */;
/*!40101 SET character_set_client = utf8 */;
CREATE TABLE `tac_gia` (
  `id` int(11) NOT NULL AUTO_INCREMENT,
  `ngay_sua` date DEFAULT NULL,
  `ngay_tao` datetime NOT NULL DEFAULT CURRENT_TIMESTAMP,
  `ten_tac_gia` varchar(255) DEFAULT NULL,
  `trang_thai` bit(1) DEFAULT b'1',
  PRIMARY KEY (`id`),
  KEY `idx_ten_tac_gia` (`ten_tac_gia`)
) ENGINE=InnoDB AUTO_INCREMENT=7 DEFAULT CHARSET=utf8mb4 COLLATE=utf8mb4_unicode_ci;
/*!40101 SET character_set_client = @saved_cs_client */;

--
-- Dumping data for table `tac_gia`
--

LOCK TABLES `tac_gia` WRITE;
/*!40000 ALTER TABLE `tac_gia` DISABLE KEYS */;
INSERT INTO `tac_gia` VALUES (1,'2025-04-25','2025-04-25','tran tien anh',''),(2,NULL,'2025-05-27','Saekisan',''),(3,NULL,'2025-05-27','Masashi Kishimoto',''),(4,NULL,'2025-05-28','Akutami Gege',''),(5,NULL,'2025-05-31','Aoyama Gosho',''),(6,NULL,'2025-05-31','Isayama Hajime','');
/*!40000 ALTER TABLE `tac_gia` ENABLE KEYS */;
UNLOCK TABLES;

--
-- Table structure for table `users`
--

DROP TABLE IF EXISTS `users`;
/*!40101 SET @saved_cs_client     = @@character_set_client */;
/*!40101 SET character_set_client = utf8 */;
CREATE TABLE `users` (
  `id` int(11) NOT NULL AUTO_INCREMENT,
  `email` varchar(255) DEFAULT NULL,
  `ngay_tao` date DEFAULT NULL,
  `pass` varchar(255) DEFAULT NULL,
  `role` varchar(255) DEFAULT NULL,
  `trang_thai` bit(1) DEFAULT NULL,
  `username` varchar(255) DEFAULT NULL,
  `avata` varchar(255) DEFAULT NULL,
  `id_role` int(11) DEFAULT NULL,
  `avatar` varchar(255) DEFAULT NULL,
  PRIMARY KEY (`id`),
  KEY `FKdd7mh9fv3g835kod5rfpdcvs9` (`id_role`),
  CONSTRAINT `FKdd7mh9fv3g835kod5rfpdcvs9` FOREIGN KEY (`id_role`) REFERENCES `role` (`id`)
) ENGINE=InnoDB AUTO_INCREMENT=11 DEFAULT CHARSET=utf8mb4 COLLATE=utf8mb4_unicode_ci;
/*!40101 SET character_set_client = @saved_cs_client */;

--
-- Dumping data for table `users`
--

LOCK TABLES `users` WRITE;
/*!40000 ALTER TABLE `users` DISABLE KEYS */;
INSERT INTO `users` VALUES (1,'tienanh@example.com','2025-03-28','$2a$10$Tt/nSLBBuARj6hJNYucqB.pXOa8cmfPXGcvHxK8c9iD/SC6oFSary','ADMIN','','betanh',NULL,1,NULL),(2,'trantienanht00@gmail.com','2025-04-07','$2a$10$zPRtw8S5a9l7O3WVAOkJrOgBPePn9gvqZaNLNtwdpCo5sKGMUlJX6',NULL,'','trantienanh',NULL,3,NULL),(3,'trantienanht00@gmail.com',NULL,'$2a$10$zPRtw8S5a9l7O3WVAOkJrOgBPePn9gvqZaNLNtwdpCo5sKGMUlJX6','chutut','','fatfuck',NULL,2,NULL),(4,NULL,'2025-06-05','$2a$10$2EwoNozWIqlrhXQi0TgGtek9YbLo6c5sIQuPOQQzA8vn1g3M8edR2',NULL,'','fatfuck1',NULL,3,NULL),(5,'acctinhtam@gmail.com','2025-06-05','$2a$10$ApxejVFaiXuxzJAVU2mkHO1Yv/rvOAssKnhN6/LIXMb1I7wQt2tAC',NULL,'','fatfuck2',NULL,3,NULL),(8,'acctinhtam@gmail.com','2025-06-05','$2a$10$hYpKOKjLf.cpO4Qx2fmr8O4cB4dQV613GnlAB3g6b5.8Lr5mwttAm',NULL,'','abc',NULL,3,NULL),(9,'howisshe@gmail.com','2025-06-05','$2a$10$c9KZ55tzTbbt8bqxIBzCsuFgMskfhGqRMUrVUeKpeobFeT3CaVwI6',NULL,'','howisshe',NULL,3,NULL),(10,'63maidinh@gmail.com','2025-06-05','$2a$10$kwDc2qRqmJH6fbyD4eG4ku5.K0Qj/FI5JQyuvWKOfoowOXdiN4fv.',NULL,'','cocacola',NULL,3,NULL);
/*!40000 ALTER TABLE `users` ENABLE KEYS */;
UNLOCK TABLES;

--
-- Table structure for table `viewed`
--

DROP TABLE IF EXISTS `viewed`;
/*!40101 SET @saved_cs_client     = @@character_set_client */;
/*!40101 SET character_set_client = utf8 */;
CREATE TABLE `viewed` (
  `id` int(11) NOT NULL AUTO_INCREMENT,
  `ngay_tao` datetime(6) DEFAULT NULL,
  `id_comic` int(11) DEFAULT NULL,
  `id_user` int(11) DEFAULT NULL,
  `ngay_sua` datetime(6) DEFAULT NULL,
  PRIMARY KEY (`id`),
  UNIQUE KEY `UKs5w9nlcn4qwh8g3ic1gyerqmr` (`id_user`,`id_comic`),
  KEY `FK93mc3103apt6p2pghio6v4fgt` (`id_comic`),
  CONSTRAINT `FK4u7b03anovgktkjeoh1e7pttm` FOREIGN KEY (`id_user`) REFERENCES `users` (`id`),
  CONSTRAINT `FK93mc3103apt6p2pghio6v4fgt` FOREIGN KEY (`id_comic`) REFERENCES `comics` (`id`)
) ENGINE=InnoDB AUTO_INCREMENT=91 DEFAULT CHARSET=utf8mb4 COLLATE=utf8mb4_unicode_ci;
/*!40101 SET character_set_client = @saved_cs_client */;

--
-- Dumping data for table `viewed`
--

LOCK TABLES `viewed` WRITE;
/*!40000 ALTER TABLE `viewed` DISABLE KEYS */;
INSERT INTO `viewed` VALUES (28,'2025-05-29 00:00:00.000000',37,2,NULL),(29,'2025-05-29 00:00:00.000000',36,2,NULL),(36,'2025-05-29 00:00:00.000000',3,2,NULL),(44,'2025-05-29 00:00:00.000000',1,2,NULL),(56,'2025-07-03 21:35:21.000000',4,1,NULL),(57,'2025-07-03 21:35:15.000000',20,1,NULL),(59,'2025-05-29 21:55:05.000000',3,3,NULL),(60,'2025-05-29 23:09:01.000000',36,3,NULL),(61,'2025-05-29 00:00:00.000000',4,3,NULL),(66,'2025-05-29 21:58:59.000000',1,3,NULL),(69,'2025-09-01 18:32:04.000000',37,1,NULL),(73,'2025-05-31 21:04:13.000000',37,3,NULL),(74,'2025-05-29 17:07:05.000000',7,3,NULL),(75,'2025-05-29 17:07:16.000000',33,3,NULL),(76,'2025-05-29 17:17:50.000000',23,3,NULL),(78,'2025-05-29 23:08:54.000000',5,3,NULL),(79,'2025-05-29 23:09:57.000000',34,3,NULL),(80,'2025-09-01 19:18:34.000000',3,1,NULL),(81,'2025-09-01 13:36:29.000000',6,1,NULL),(82,'2025-05-31 21:01:00.000000',38,3,NULL),(83,'2025-05-31 21:04:04.000000',20,3,NULL),(85,'2025-09-01 17:42:39.000000',1,1,NULL),(86,'2025-08-23 02:24:31.000000',9,1,NULL),(87,'2025-08-31 22:25:42.000000',36,1,NULL),(88,'2025-09-01 14:13:32.000000',40,1,NULL),(89,'2025-09-18 15:19:31.000000',31,1,NULL),(90,'2025-09-01 19:18:37.000000',38,1,NULL);
/*!40000 ALTER TABLE `viewed` ENABLE KEYS */;
UNLOCK TABLES;

--
-- Table structure for table `wishlist`
--

DROP TABLE IF EXISTS `wishlist`;
/*!40101 SET @saved_cs_client     = @@character_set_client */;
/*!40101 SET character_set_client = utf8 */;
CREATE TABLE `wishlist` (
  `id` int(11) NOT NULL AUTO_INCREMENT,
  `ngay_tao` date DEFAULT NULL,
  `id_comic` int(11) DEFAULT NULL,
  `id_user` int(11) DEFAULT NULL,
  PRIMARY KEY (`id`),
  UNIQUE KEY `UKek1rspeuj6x8xs68kgva217l2` (`id_user`,`id_comic`),
  KEY `FKlrbn7kx71a8klkf7qdn8fd1js` (`id_comic`),
  CONSTRAINT `FKlrbn7kx71a8klkf7qdn8fd1js` FOREIGN KEY (`id_comic`) REFERENCES `comics` (`id`),
  CONSTRAINT `FKs0hrpu71xlygh0mu5e3k2ei8l` FOREIGN KEY (`id_user`) REFERENCES `users` (`id`)
) ENGINE=InnoDB AUTO_INCREMENT=74 DEFAULT CHARSET=utf8mb4 COLLATE=utf8mb4_unicode_ci;
/*!40101 SET character_set_client = @saved_cs_client */;

--
-- Dumping data for table `wishlist`
--

LOCK TABLES `wishlist` WRITE;
/*!40000 ALTER TABLE `wishlist` DISABLE KEYS */;
INSERT INTO `wishlist` VALUES (57,'2025-05-29',36,2),(58,'2025-05-29',37,3),(64,'2025-05-30',6,1),(67,'2025-05-30',4,1),(68,'2025-05-30',37,1),(69,'2025-06-03',9,3),(70,'2025-06-03',10,3),(71,'2025-06-03',1,3),(72,'2025-09-01',25,1),(73,'2025-09-01',40,1);
/*!40000 ALTER TABLE `wishlist` ENABLE KEYS */;
UNLOCK TABLES;
/*!40103 SET TIME_ZONE=@OLD_TIME_ZONE */;

/*!40101 SET SQL_MODE=@OLD_SQL_MODE */;
/*!40014 SET FOREIGN_KEY_CHECKS=@OLD_FOREIGN_KEY_CHECKS */;
/*!40014 SET UNIQUE_CHECKS=@OLD_UNIQUE_CHECKS */;
/*!40101 SET CHARACTER_SET_CLIENT=@OLD_CHARACTER_SET_CLIENT */;
/*!40101 SET CHARACTER_SET_RESULTS=@OLD_CHARACTER_SET_RESULTS */;
/*!40101 SET COLLATION_CONNECTION=@OLD_COLLATION_CONNECTION */;
/*!40111 SET SQL_NOTES=@OLD_SQL_NOTES */;

-- Dump completed on 2025-10-14 17:12:13
